Team Name,MATCHUP,Location,WL,OPPONENT
ANA,ANA @ MIN,AWAY,W, MIN
ANA,ANA @ MIN,AWAY,L, MIN
ANA,ANA @ NYA,AWAY,L, NYA
ANA,ANA @ NYA,AWAY,W, NYA
ANA,ANA @ TBA,AWAY,L, TBA
ANA,ANA @ CLE,AWAY,L, CLE
ANA,ANA @ CLE,AWAY,W, CLE
ANA,ANA @ TEX,AWAY,L, TEX
ANA,ANA @ TEX,AWAY,W, TEX
ANA,ANA @ SDN,AWAY,W, SDN
ANA,ANA @ SDN,AWAY,L, SDN
ANA,ANA @ OAK,AWAY,L, OAK
ANA,ANA @ OAK,AWAY,W, OAK
ANA,ANA @ SEA,AWAY,W, SEA
ANA,ANA @ COL,AWAY,W, COL
ANA,ANA @ LAN,AWAY,W, LAN
ANA,ANA @ LAN,AWAY,L, LAN
ANA,ANA @ BAL,AWAY,W, BAL
ANA,ANA @ TOR,AWAY,W, TOR
ANA,ANA @ TOR,AWAY,L, TOR
ANA,ANA @ DET,AWAY,L, DET
ANA,ANA @ DET,AWAY,W, DET
ANA,ANA @ CHA,AWAY,L, CHA
ANA,ANA @ CHA,AWAY,W, CHA
ANA,ANA @ BOS,AWAY,W, BOS
ANA,ANA @ SEA,AWAY,L, SEA
ANA,ANA @ KCA,AWAY,W, KCA
ANA,ANA @ KCA,AWAY,L, KCA
ANA,ANA @ CIN,AWAY,W, CIN
ANA,ANA @ CIN,AWAY,L, CIN
ANA,ANA @ HOU,AWAY,L, HOU
ANA,ANA @ HOU,AWAY,W, HOU
ANA,ANA @ BOS,AWAY,L, BOS
ANA,ANA @ BAL,AWAY,L, BAL
ANA,ANA @ CHN,AWAY,L, CHN
ANA,ANA @ CHN,AWAY,W, CHN
ANA,ANA @ TBA,AWAY,W, TBA
ANA,ANA @ MIL,AWAY,W, MIL
ANA,ANA @ WAS,AWAY,W, WAS
ANA,ANA @ WAS,AWAY,L, WAS
ANA,ANA @ PHI,AWAY,W, PHI
ANA,ANA @ ATL,AWAY,L, ATL
ANA,ANA @ ATL,AWAY,W, ATL
ANA,ANA @ SFN,AWAY,L, SFN
ANA,ANA @ ARI,AWAY,L, ARI
ANA,ANA @ ARI,AWAY,W, ARI
ANA,ANA @ MIL,AWAY,L, MIL
ANA,ANA @ PIT,AWAY,W, PIT
ANA,ANA @ PIT,AWAY,L, PIT
ANA,ANA @ NYN,AWAY,L, NYN
ANA,ANA @ NYN,AWAY,W, NYN
ANA,ANA @ MIA,AWAY,L, MIA
ANA,ANA @ MIA,AWAY,W, MIA
ANA ,ANA .vs KCA,HOME,W, KCA
ANA ,ANA .vs KCA,HOME,L, KCA
ANA ,ANA .vs OAK,HOME,W, OAK
ANA ,ANA .vs OAK,HOME,L, OAK
ANA ,ANA .vs BAL,HOME,W, BAL
ANA ,ANA .vs BAL,HOME,L, BAL
ANA ,ANA .vs MIN,HOME,W, MIN
ANA ,ANA .vs TOR,HOME,L, TOR
ANA ,ANA .vs TOR,HOME,W, TOR
ANA ,ANA .vs CHA,HOME,W, CHA
ANA ,ANA .vs CHA,HOME,L, CHA
ANA ,ANA .vs NYA,HOME,W, NYA
ANA ,ANA .vs NYA,HOME,L, NYA
ANA ,ANA .vs TEX,HOME,W, TEX
ANA ,ANA .vs TEX,HOME,L, TEX
ANA ,ANA .vs SEA,HOME,L, SEA
ANA ,ANA .vs SEA,HOME,W, SEA
ANA ,ANA .vs ARI,HOME,L, ARI
ANA ,ANA .vs ARI,HOME,W, ARI
ANA ,ANA .vs SFN,HOME,L, SFN
ANA ,ANA .vs SFN,HOME,W, SFN
ANA ,ANA .vs LAN,HOME,W, LAN
ANA ,ANA .vs LAN,HOME,L, LAN
ANA ,ANA .vs TBA,HOME,W, TBA
ANA ,ANA .vs TBA,HOME,L, TBA
ANA ,ANA .vs CLE,HOME,L, CLE
ANA ,ANA .vs CLE,HOME,W, CLE
ANA ,ANA .vs BOS,HOME,W, BOS
ANA ,ANA .vs DET,HOME,W, DET
ANA ,ANA .vs HOU,HOME,L, HOU
ANA ,ANA .vs HOU,HOME,W, HOU
ANA ,ANA .vs CHN,HOME,W, CHN
ANA ,ANA .vs CHN,HOME,L, CHN
ANA ,ANA .vs PIT,HOME,L, PIT
ANA ,ANA .vs SLN,HOME,W, SLN
ANA ,ANA .vs SLN,HOME,L, SLN
ANA ,ANA .vs BOS,HOME,L, BOS
ANA ,ANA .vs MIN,HOME,L, MIN
ANA ,ANA .vs NYN,HOME,W, NYN
ANA ,ANA .vs NYN,HOME,L, NYN
ANA ,ANA .vs DET,HOME,L, DET
ANA ,ANA .vs PHI,HOME,W, PHI
ANA ,ANA .vs MIA,HOME,L, MIA
ANA ,ANA .vs MIA,HOME,W, MIA
ANA ,ANA .vs COL,HOME,W, COL
ANA ,ANA .vs SDN,HOME,W, SDN
ANA ,ANA .vs SDN,HOME,L, SDN
ANA ,ANA .vs CIN,HOME,W, CIN
ANA ,ANA .vs ATL,HOME,L, ATL
ANA ,ANA .vs ATL,HOME,W, ATL
ANA ,ANA .vs WAS,HOME,L, WAS
ANA ,ANA .vs WAS,HOME,W, WAS
ARI,ARI @ SDN,AWAY,W, SDN
ARI,ARI @ SDN,AWAY,L, SDN
ARI,ARI @ COL,AWAY,L, COL
ARI,ARI @ COL,AWAY,W, COL
ARI,ARI @ MIA,AWAY,W, MIA
ARI,ARI @ MIA,AWAY,L, MIA
ARI,ARI @ WAS,AWAY,W, WAS
ARI,ARI @ WAS,AWAY,L, WAS
ARI,ARI @ NYN,AWAY,W, NYN
ARI,ARI @ NYN,AWAY,L, NYN
ARI,ARI @ LAN,AWAY,L, LAN
ARI,ARI @ LAN,AWAY,W, LAN
ARI,ARI @ KCA,AWAY,W, KCA
ARI,ARI @ KCA,AWAY,L, KCA
ARI,ARI @ SFN,AWAY,L, SFN
ARI,ARI @ SFN,AWAY,W, SFN
ARI,ARI @ TEX,AWAY,L, TEX
ARI,ARI @ TEX,AWAY,W, TEX
ARI,ARI @ ANA,AWAY,W, ANA
ARI,ARI @ ANA,AWAY,L, ANA
ARI,ARI @ ATL,AWAY,L, ATL
ARI,ARI @ ATL,AWAY,W, ATL
ARI,ARI @ MIL,AWAY,W, MIL
ARI,ARI @ MIL,AWAY,L, MIL
ARI,ARI @ CHN,AWAY,L, CHN
ARI,ARI @ CIN,AWAY,W, CIN
ARI,ARI @ CIN,AWAY,L, CIN
ARI,ARI @ PHI,AWAY,W, PHI
ARI,ARI @ PHI,AWAY,L, PHI
ARI,ARI @ PIT,AWAY,L, PIT
ARI,ARI @ PIT,AWAY,W, PIT
ARI,ARI @ SLN,AWAY,L, SLN
ARI,ARI @ SLN,AWAY,W, SLN
ARI,ARI @ HOU,AWAY,W, HOU
ARI,ARI @ NYA,AWAY,L, NYA
ARI,ARI @ NYA,AWAY,W, NYA
ARI,ARI @ CHN,AWAY,W, CHN
ARI,ARI @ TBA,AWAY,L, TBA
ARI,ARI @ TBA,AWAY,W, TBA
ARI,ARI @ BOS,AWAY,W, BOS
ARI,ARI @ BOS,AWAY,L, BOS
ARI,ARI @ CHA,AWAY,L, CHA
ARI,ARI @ CHA,AWAY,W, CHA
ARI,ARI @ HOU,AWAY,L, HOU
ARI,ARI @ CLE,AWAY,L, CLE
ARI,ARI @ CLE,AWAY,W, CLE
ARI,ARI @ MIN,AWAY,W, MIN
ARI,ARI @ MIN,AWAY,L, MIN
ARI,ARI @ SEA,AWAY,W, SEA
ARI,ARI @ TOR,AWAY,W, TOR
ARI,ARI @ TOR,AWAY,L, TOR
ARI,ARI @ BAL,AWAY,L, BAL
ARI,ARI @ DET,AWAY,W, DET
ARI ,ARI .vs SFN,HOME,W, SFN
ARI ,ARI .vs PIT,HOME,W, PIT
ARI ,ARI .vs PIT,HOME,L, PIT
ARI ,ARI .vs ATL,HOME,L, ATL
ARI ,ARI .vs ATL,HOME,W, ATL
ARI ,ARI .vs PHI,HOME,W, PHI
ARI ,ARI .vs PHI,HOME,L, PHI
ARI ,ARI .vs SLN,HOME,L, SLN
ARI ,ARI .vs SFN,HOME,L, SFN
ARI ,ARI .vs LAN,HOME,L, LAN
ARI ,ARI .vs LAN,HOME,W, LAN
ARI ,ARI .vs MIL,HOME,L, MIL
ARI ,ARI .vs MIL,HOME,W, MIL
ARI ,ARI .vs COL,HOME,L, COL
ARI ,ARI .vs COL,HOME,W, COL
ARI ,ARI .vs OAK,HOME,W, OAK
ARI ,ARI .vs SEA,HOME,W, SEA
ARI ,ARI .vs SEA,HOME,L, SEA
ARI ,ARI .vs CHN,HOME,W, CHN
ARI ,ARI .vs SDN,HOME,L, SDN
ARI ,ARI .vs HOU,HOME,W, HOU
ARI ,ARI .vs NYN,HOME,L, NYN
ARI ,ARI .vs NYN,HOME,W, NYN
ARI ,ARI .vs WAS,HOME,L, WAS
ARI ,ARI .vs WAS,HOME,W, WAS
ARI ,ARI .vs MIA,HOME,L, MIA
ARI ,ARI .vs MIA,HOME,W, MIA
ARI ,ARI .vs CIN,HOME,L, CIN
ARI ,ARI .vs SDN,HOME,W, SDN
ARI ,ARI .vs CHN,HOME,L, CHN
ARI ,ARI .vs SLN,HOME,W, SLN
ARI ,ARI .vs TEX,HOME,W, TEX
ARI ,ARI .vs CIN,HOME,W, CIN
ARI ,ARI .vs TBA,HOME,W, TBA
ARI ,ARI .vs BAL,HOME,W, BAL
ARI ,ARI .vs TOR,HOME,L, TOR
ARI ,ARI .vs TOR,HOME,W, TOR
ARI ,ARI .vs HOU,HOME,L, HOU
ARI ,ARI .vs CLE,HOME,W, CLE
ARI ,ARI .vs CLE,HOME,L, CLE
ARI ,ARI .vs DET,HOME,L, DET
ARI ,ARI .vs DET,HOME,W, DET
ARI ,ARI .vs KCA,HOME,L, KCA
ARI ,ARI .vs TEX,HOME,L, TEX
ARI ,ARI .vs ANA,HOME,W, ANA
ARI ,ARI .vs ANA,HOME,L, ANA
ARI ,ARI .vs OAK,HOME,L, OAK
ARI ,ARI .vs NYA,HOME,W, NYA
ARI ,ARI .vs NYA,HOME,L, NYA
ARI ,ARI .vs TBA,HOME,L, TBA
ARI ,ARI .vs CHA,HOME,W, CHA
ATL,ATL @ NYN,AWAY,L, NYN
ATL,ATL @ HOU,AWAY,L, HOU
ATL,ATL @ HOU,AWAY,W, HOU
ATL,ATL @ ARI,AWAY,W, ARI
ATL,ATL @ ARI,AWAY,L, ARI
ATL,ATL @ LAN,AWAY,L, LAN
ATL,ATL @ LAN,AWAY,W, LAN
ATL,ATL @ COL,AWAY,W, COL
ATL,ATL @ CHN,AWAY,L, CHN
ATL,ATL @ CHN,AWAY,W, CHN
ATL,ATL @ SLN,AWAY,W, SLN
ATL,ATL @ TBA,AWAY,W, TBA
ATL,ATL @ TBA,AWAY,L, TBA
ATL,ATL @ CIN,AWAY,L, CIN
ATL,ATL @ WAS,AWAY,L, WAS
ATL,ATL @ WAS,AWAY,W, WAS
ATL,ATL @ MIA,AWAY,W, MIA
ATL,ATL @ NYA,AWAY,L, NYA
ATL,ATL @ NYA,AWAY,W, NYA
ATL,ATL @ BOS,AWAY,W, BOS
ATL,ATL @ BOS,AWAY,L, BOS
ATL,ATL @ PHI,AWAY,W, PHI
ATL,ATL @ MIA,AWAY,L, MIA
ATL,ATL @ PHI,AWAY,L, PHI
ATL,ATL @ NYN,AWAY,W, NYN
ATL,ATL @ SFN,AWAY,L, SFN
ATL,ATL @ SFN,AWAY,W, SFN
ATL,ATL @ SDN,AWAY,L, SDN
ATL,ATL @ SDN,AWAY,W, SDN
ATL,ATL @ MIL,AWAY,L, MIL
ATL,ATL @ PIT,AWAY,L, PIT
ATL,ATL @ PIT,AWAY,W, PIT
ATL,ATL @ COL,AWAY,L, COL
ATL,ATL @ DET,AWAY,L, DET
ATL,ATL @ CIN,AWAY,W, CIN
ATL,ATL @ TOR,AWAY,L, TOR
ATL,ATL @ TOR,AWAY,W, TOR
ATL,ATL @ MIL,AWAY,W, MIL
ATL,ATL @ KCA,AWAY,W, KCA
ATL,ATL @ KCA,AWAY,L, KCA
ATL,ATL @ CHA,AWAY,W, CHA
ATL,ATL @ CHA,AWAY,L, CHA
ATL,ATL @ SLN,AWAY,L, SLN
ATL,ATL @ SEA,AWAY,L, SEA
ATL,ATL @ TEX,AWAY,L, TEX
ATL,ATL @ BAL,AWAY,L, BAL
ATL,ATL @ MIN,AWAY,W, MIN
ATL,ATL @ ANA,AWAY,W, ANA
ATL,ATL @ ANA,AWAY,L, ANA
ATL,ATL @ OAK,AWAY,W, OAK
ATL ,ATL .vs MIL,HOME,W, MIL
ATL ,ATL .vs NYN,HOME,L, NYN
ATL ,ATL .vs NYN,HOME,W, NYN
ATL ,ATL .vs PIT,HOME,W, PIT
ATL ,ATL .vs PIT,HOME,L, PIT
ATL ,ATL .vs PHI,HOME,L, PHI
ATL ,ATL .vs PHI,HOME,W, PHI
ATL ,ATL .vs CIN,HOME,L, CIN
ATL ,ATL .vs CIN,HOME,W, CIN
ATL ,ATL .vs MIA,HOME,L, MIA
ATL ,ATL .vs MIA,HOME,W, MIA
ATL ,ATL .vs WAS,HOME,L, WAS
ATL ,ATL .vs SLN,HOME,L, SLN
ATL ,ATL .vs SLN,HOME,W, SLN
ATL ,ATL .vs TOR,HOME,W, TOR
ATL ,ATL .vs TOR,HOME,L, TOR
ATL ,ATL .vs NYA,HOME,L, NYA
ATL ,ATL .vs BAL,HOME,W, BAL
ATL ,ATL .vs BAL,HOME,L, BAL
ATL ,ATL .vs ARI,HOME,W, ARI
ATL ,ATL .vs ARI,HOME,L, ARI
ATL ,ATL .vs WAS,HOME,W, WAS
ATL ,ATL .vs CHN,HOME,L, CHN
ATL ,ATL .vs CHN,HOME,W, CHN
ATL ,ATL .vs SFN,HOME,L, SFN
ATL ,ATL .vs SFN,HOME,W, SFN
ATL ,ATL .vs HOU,HOME,W, HOU
ATL ,ATL .vs HOU,HOME,L, HOU
ATL ,ATL .vs SDN,HOME,L, SDN
ATL ,ATL .vs SDN,HOME,W, SDN
ATL ,ATL .vs LAN,HOME,W, LAN
ATL ,ATL .vs LAN,HOME,L, LAN
ATL ,ATL .vs COL,HOME,W, COL
ATL ,ATL .vs COL,HOME,L, COL
ATL ,ATL .vs KCA,HOME,W, KCA
ATL ,ATL .vs KCA,HOME,L, KCA
ATL ,ATL .vs MIN,HOME,W, MIN
ATL ,ATL .vs CLE,HOME,W, CLE
ATL ,ATL .vs MIL,HOME,L, MIL
ATL ,ATL .vs BOS,HOME,L, BOS
ATL ,ATL .vs SEA,HOME,L, SEA
ATL ,ATL .vs ANA,HOME,W, ANA
ATL ,ATL .vs ANA,HOME,L, ANA
ATL ,ATL .vs OAK,HOME,W, OAK
ATL ,ATL .vs TBA,HOME,L, TBA
ATL ,ATL .vs TBA,HOME,W, TBA
ATL ,ATL .vs BOS,HOME,W, BOS
ATL ,ATL .vs CLE,HOME,L, CLE
ATL ,ATL .vs MIN,HOME,L, MIN
ATL ,ATL .vs DET,HOME,L, DET
ATL ,ATL .vs DET,HOME,W, DET
ATL ,ATL .vs SEA,HOME,W, SEA
ATL ,ATL .vs TEX,HOME,L, TEX
ATL ,ATL .vs TEX,HOME,W, TEX
BAL,BAL @ TOR,AWAY,W, TOR
BAL,BAL @ TOR,AWAY,L, TOR
BAL,BAL @ CHA,AWAY,W, CHA
BAL,BAL @ CHA,AWAY,L, CHA
BAL,BAL @ ANA,AWAY,L, ANA
BAL,BAL @ ANA,AWAY,W, ANA
BAL,BAL @ NYA,AWAY,L, NYA
BAL,BAL @ NYA,AWAY,W, NYA
BAL,BAL @ BOS,AWAY,W, BOS
BAL,BAL @ KCA,AWAY,W, KCA
BAL,BAL @ WAS,AWAY,W, WAS
BAL,BAL @ WAS,AWAY,L, WAS
BAL,BAL @ TBA,AWAY,L, TBA
BAL,BAL @ TBA,AWAY,W, TBA
BAL,BAL @ BOS,AWAY,L, BOS
BAL,BAL @ ATL,AWAY,L, ATL
BAL,BAL @ ATL,AWAY,W, ATL
BAL,BAL @ NYN,AWAY,L, NYN
BAL,BAL @ SEA,AWAY,L, SEA
BAL,BAL @ SEA,AWAY,W, SEA
BAL,BAL @ MIN,AWAY,L, MIN
BAL,BAL @ MIN,AWAY,W, MIN
BAL,BAL @ CLE,AWAY,W, CLE
BAL,BAL @ CLE,AWAY,L, CLE
BAL,BAL @ DET,AWAY,L, DET
BAL,BAL @ DET,AWAY,W, DET
BAL,BAL @ TEX,AWAY,L, TEX
BAL,BAL @ TEX,AWAY,W, TEX
BAL,BAL @ OAK,AWAY,L, OAK
BAL,BAL @ OAK,AWAY,W, OAK
BAL,BAL @ HOU,AWAY,W, HOU
BAL,BAL @ HOU,AWAY,L, HOU
BAL,BAL @ KCA,AWAY,L, KCA
BAL,BAL @ SDN,AWAY,W, SDN
BAL,BAL @ SFN,AWAY,W, SFN
BAL,BAL @ SFN,AWAY,L, SFN
BAL,BAL @ ARI,AWAY,L, ARI
BAL,BAL @ PIT,AWAY,W, PIT
BAL,BAL @ PIT,AWAY,L, PIT
BAL,BAL @ MIL,AWAY,W, MIL
BAL,BAL @ MIL,AWAY,L, MIL
BAL,BAL @ CHN,AWAY,L, CHN
BAL,BAL @ MIA,AWAY,W, MIA
BAL,BAL @ MIA,AWAY,L, MIA
BAL,BAL @ PHI,AWAY,W, PHI
BAL,BAL @ PHI,AWAY,L, PHI
BAL,BAL @ LAN,AWAY,L, LAN
BAL,BAL @ LAN,AWAY,W, LAN
BAL,BAL @ CIN,AWAY,L, CIN
BAL,BAL @ CIN,AWAY,W, CIN
BAL ,BAL .vs MIN,HOME,W, MIN
BAL ,BAL .vs NYA,HOME,L, NYA
BAL ,BAL .vs TOR,HOME,W, TOR
BAL ,BAL .vs OAK,HOME,L, OAK
BAL ,BAL .vs OAK,HOME,W, OAK
BAL ,BAL .vs TEX,HOME,L, TEX
BAL ,BAL .vs TEX,HOME,W, TEX
BAL ,BAL .vs TBA,HOME,W, TBA
BAL ,BAL .vs TBA,HOME,L, TBA
BAL ,BAL .vs NYA,HOME,W, NYA
BAL ,BAL .vs BOS,HOME,L, BOS
BAL ,BAL .vs BOS,HOME,W, BOS
BAL ,BAL .vs KCA,HOME,W, KCA
BAL ,BAL .vs KCA,HOME,L, KCA
BAL ,BAL .vs PHI,HOME,L, PHI
BAL ,BAL .vs PHI,HOME,W, PHI
BAL ,BAL .vs PIT,HOME,W, PIT
BAL ,BAL .vs WAS,HOME,W, WAS
BAL ,BAL .vs WAS,HOME,L, WAS
BAL ,BAL .vs ANA,HOME,L, ANA
BAL ,BAL .vs CLE,HOME,L, CLE
BAL ,BAL .vs CLE,HOME,W, CLE
BAL ,BAL .vs DET,HOME,L, DET
BAL ,BAL .vs DET,HOME,W, DET
BAL ,BAL .vs SEA,HOME,W, SEA
BAL ,BAL .vs CHA,HOME,W, CHA
BAL ,BAL .vs CHA,HOME,L, CHA
BAL ,BAL .vs TOR,HOME,L, TOR
BAL ,BAL .vs MIN,HOME,L, MIN
BAL ,BAL .vs LAN,HOME,W, LAN
BAL ,BAL .vs LAN,HOME,L, LAN
BAL ,BAL .vs SDN,HOME,L, SDN
BAL ,BAL .vs ANA,HOME,W, ANA
BAL ,BAL .vs HOU,HOME,W, HOU
BAL ,BAL .vs HOU,HOME,L, HOU
BAL ,BAL .vs SEA,HOME,L, SEA
BAL ,BAL .vs COL,HOME,L, COL
BAL ,BAL .vs COL,HOME,W, COL
BAL ,BAL .vs SLN,HOME,W, SLN
BAL ,BAL .vs SLN,HOME,L, SLN
BAL ,BAL .vs CIN,HOME,W, CIN
BAL ,BAL .vs ATL,HOME,W, ATL
BAL ,BAL .vs NYN,HOME,L, NYN
BAL ,BAL .vs NYN,HOME,W, NYN
BAL ,BAL .vs SDN,HOME,W, SDN
BAL ,BAL .vs ARI,HOME,W, ARI
BAL ,BAL .vs CHN,HOME,L, CHN
BOS,BOS @ DET,AWAY,L, DET
BOS,BOS @ TOR,AWAY,W, TOR
BOS,BOS @ TOR,AWAY,L, TOR
BOS,BOS @ MIN,AWAY,W, MIN
BOS,BOS @ CHA,AWAY,W, CHA
BOS,BOS @ CHA,AWAY,L, CHA
BOS,BOS @ KCA,AWAY,W, KCA
BOS,BOS @ KCA,AWAY,L, KCA
BOS,BOS @ TBA,AWAY,L, TBA
BOS,BOS @ TBA,AWAY,W, TBA
BOS,BOS @ PHI,AWAY,L, PHI
BOS,BOS @ PHI,AWAY,W, PHI
BOS,BOS @ BAL,AWAY,W, BAL
BOS,BOS @ BAL,AWAY,L, BAL
BOS,BOS @ MIA,AWAY,L, MIA
BOS,BOS @ MIA,AWAY,W, MIA
BOS,BOS @ CHN,AWAY,L, CHN
BOS,BOS @ CHN,AWAY,W, CHN
BOS,BOS @ SEA,AWAY,L, SEA
BOS,BOS @ SEA,AWAY,W, SEA
BOS,BOS @ OAK,AWAY,L, OAK
BOS,BOS @ TEX,AWAY,L, TEX
BOS,BOS @ TEX,AWAY,W, TEX
BOS,BOS @ NYA,AWAY,L, NYA
BOS,BOS @ NYA,AWAY,W, NYA
BOS,BOS @ CLE,AWAY,L, CLE
BOS,BOS @ CLE,AWAY,W, CLE
BOS,BOS @ ANA,AWAY,L, ANA
BOS,BOS @ DET,AWAY,W, DET
BOS,BOS @ ANA,AWAY,W, ANA
BOS,BOS @ OAK,AWAY,W, OAK
BOS,BOS @ HOU,AWAY,L, HOU
BOS,BOS @ HOU,AWAY,W, HOU
BOS,BOS @ SFN,AWAY,W, SFN
BOS,BOS @ SFN,AWAY,L, SFN
BOS,BOS @ LAN,AWAY,L, LAN
BOS,BOS @ LAN,AWAY,W, LAN
BOS,BOS @ COL,AWAY,L, COL
BOS,BOS @ COL,AWAY,W, COL
BOS,BOS @ MIN,AWAY,L, MIN
BOS,BOS @ ATL,AWAY,W, ATL
BOS,BOS @ SLN,AWAY,L, SLN
BOS,BOS @ SLN,AWAY,W, SLN
BOS,BOS @ CIN,AWAY,W, CIN
BOS,BOS @ PIT,AWAY,L, PIT
BOS,BOS @ ATL,AWAY,L, ATL
BOS,BOS @ NYN,AWAY,W, NYN
BOS,BOS @ NYN,AWAY,L, NYN
BOS,BOS @ SDN,AWAY,L, SDN
BOS,BOS @ SDN,AWAY,W, SDN
BOS,BOS @ MIL,AWAY,L, MIL
BOS,BOS @ MIL,AWAY,W, MIL
BOS ,BOS .vs TBA,HOME,W, TBA
BOS ,BOS .vs TBA,HOME,L, TBA
BOS ,BOS .vs TEX,HOME,L, TEX
BOS ,BOS .vs NYA,HOME,L, NYA
BOS ,BOS .vs OAK,HOME,W, OAK
BOS ,BOS .vs OAK,HOME,L, OAK
BOS ,BOS .vs BAL,HOME,L, BAL
BOS ,BOS .vs CLE,HOME,L, CLE
BOS ,BOS .vs CLE,HOME,W, CLE
BOS ,BOS .vs SEA,HOME,W, SEA
BOS ,BOS .vs DET,HOME,W, DET
BOS ,BOS .vs DET,HOME,L, DET
BOS ,BOS .vs BAL,HOME,W, BAL
BOS ,BOS .vs WAS,HOME,L, WAS
BOS ,BOS .vs MIA,HOME,W, MIA
BOS ,BOS .vs ATL,HOME,L, ATL
BOS ,BOS .vs ATL,HOME,W, ATL
BOS ,BOS .vs TOR,HOME,L, TOR
BOS ,BOS .vs TOR,HOME,W, TOR
BOS ,BOS .vs NYA,HOME,W, NYA
BOS ,BOS .vs CHA,HOME,W, CHA
BOS ,BOS .vs CHA,HOME,L, CHA
BOS ,BOS .vs MIN,HOME,L, MIN
BOS ,BOS .vs MIN,HOME,W, MIN
BOS ,BOS .vs TEX,HOME,W, TEX
BOS ,BOS .vs ANA,HOME,L, ANA
BOS ,BOS .vs KCA,HOME,W, KCA
BOS ,BOS .vs KCA,HOME,L, KCA
BOS ,BOS .vs HOU,HOME,W, HOU
BOS ,BOS .vs PHI,HOME,W, PHI
BOS ,BOS .vs PHI,HOME,L, PHI
BOS ,BOS .vs ANA,HOME,W, ANA
BOS ,BOS .vs COL,HOME,W, COL
BOS ,BOS .vs SDN,HOME,W, SDN
BOS ,BOS .vs ARI,HOME,L, ARI
BOS ,BOS .vs ARI,HOME,W, ARI
BOS ,BOS .vs MIL,HOME,L, MIL
BOS ,BOS .vs CIN,HOME,W, CIN
BOS ,BOS .vs CHN,HOME,L, CHN
BOS ,BOS .vs HOU,HOME,L, HOU
BOS ,BOS .vs SEA,HOME,L, SEA
BOS ,BOS .vs WAS,HOME,W, WAS
BOS ,BOS .vs COL,HOME,L, COL
BOS ,BOS .vs SFN,HOME,W, SFN
BOS ,BOS .vs PIT,HOME,W, PIT
BOS ,BOS .vs CHN,HOME,W, CHN
BOS ,BOS .vs SLN,HOME,W, SLN
CHA,CHA @ TEX,AWAY,L, TEX
CHA,CHA @ TEX,AWAY,W, TEX
CHA,CHA @ CLE,AWAY,W, CLE
CHA,CHA @ SEA,AWAY,W, SEA
CHA,CHA @ OAK,AWAY,W, OAK
CHA,CHA @ OAK,AWAY,L, OAK
CHA,CHA @ DET,AWAY,L, DET
CHA,CHA @ DET,AWAY,W, DET
CHA,CHA @ CLE,AWAY,L, CLE
CHA,CHA @ ANA,AWAY,L, ANA
CHA,CHA @ ANA,AWAY,W, ANA
CHA,CHA @ CHN,AWAY,W, CHN
CHA,CHA @ TBA,AWAY,W, TBA
CHA,CHA @ SLN,AWAY,W, SLN
CHA,CHA @ SLN,AWAY,L, SLN
CHA,CHA @ LAN,AWAY,L, LAN
CHA,CHA @ LAN,AWAY,W, LAN
CHA,CHA @ MIN,AWAY,L, MIN
CHA,CHA @ MIN,AWAY,W, MIN
CHA,CHA @ NYA,AWAY,W, NYA
CHA,CHA @ NYA,AWAY,L, NYA
CHA,CHA @ KCA,AWAY,W, KCA
CHA,CHA @ KCA,AWAY,L, KCA
CHA,CHA @ BOS,AWAY,L, BOS
CHA,CHA @ BOS,AWAY,W, BOS
CHA,CHA @ TOR,AWAY,L, TOR
CHA,CHA @ TOR,AWAY,W, TOR
CHA,CHA @ BAL,AWAY,L, BAL
CHA,CHA @ BAL,AWAY,W, BAL
CHA,CHA @ WAS,AWAY,L, WAS
CHA,CHA @ NYN,AWAY,L, NYN
CHA,CHA @ NYN,AWAY,W, NYN
CHA,CHA @ CHN,AWAY,L, CHN
CHA,CHA @ SEA,AWAY,L, SEA
CHA,CHA @ HOU,AWAY,L, HOU
CHA,CHA @ HOU,AWAY,W, HOU
CHA,CHA @ TBA,AWAY,L, TBA
CHA,CHA @ PHI,AWAY,W, PHI
CHA,CHA @ PHI,AWAY,L, PHI
CHA,CHA @ COL,AWAY,L, COL
CHA,CHA @ COL,AWAY,W, COL
CHA,CHA @ SFN,AWAY,W, SFN
CHA,CHA @ SFN,AWAY,L, SFN
CHA,CHA @ MIL,AWAY,L, MIL
CHA,CHA @ MIL,AWAY,W, MIL
CHA,CHA @ PIT,AWAY,L, PIT
CHA,CHA @ MIA,AWAY,W, MIA
CHA,CHA @ MIA,AWAY,L, MIA
CHA,CHA @ ARI,AWAY,L, ARI
CHA ,CHA .vs DET,HOME,W, DET
CHA ,CHA .vs DET,HOME,L, DET
CHA ,CHA .vs BAL,HOME,L, BAL
CHA ,CHA .vs BAL,HOME,W, BAL
CHA ,CHA .vs BOS,HOME,L, BOS
CHA ,CHA .vs BOS,HOME,W, BOS
CHA ,CHA .vs CLE,HOME,W, CLE
CHA ,CHA .vs CLE,HOME,L, CLE
CHA ,CHA .vs KCA,HOME,W, KCA
CHA ,CHA .vs KCA,HOME,L, KCA
CHA ,CHA .vs MIN,HOME,L, MIN
CHA ,CHA .vs MIN,HOME,W, MIN
CHA ,CHA .vs SEA,HOME,W, SEA
CHA ,CHA .vs SEA,HOME,L, SEA
CHA ,CHA .vs TOR,HOME,L, TOR
CHA ,CHA .vs TOR,HOME,W, TOR
CHA ,CHA .vs HOU,HOME,L, HOU
CHA ,CHA .vs HOU,HOME,W, HOU
CHA ,CHA .vs CHN,HOME,L, CHN
CHA ,CHA .vs CHN,HOME,W, CHN
CHA ,CHA .vs MIL,HOME,L, MIL
CHA ,CHA .vs MIL,HOME,W, MIL
CHA ,CHA .vs TEX,HOME,W, TEX
CHA ,CHA .vs ANA,HOME,W, ANA
CHA ,CHA .vs ANA,HOME,L, ANA
CHA ,CHA .vs OAK,HOME,W, OAK
CHA ,CHA .vs OAK,HOME,L, OAK
CHA ,CHA .vs NYA,HOME,W, NYA
CHA ,CHA .vs TBA,HOME,L, TBA
CHA ,CHA .vs TBA,HOME,W, TBA
CHA ,CHA .vs MIA,HOME,W, MIA
CHA ,CHA .vs NYN,HOME,W, NYN
CHA ,CHA .vs NYN,HOME,L, NYN
CHA ,CHA .vs ATL,HOME,L, ATL
CHA ,CHA .vs ATL,HOME,W, ATL
CHA ,CHA .vs TEX,HOME,L, TEX
CHA ,CHA .vs ARI,HOME,W, ARI
CHA ,CHA .vs ARI,HOME,L, ARI
CHA ,CHA .vs NYA,HOME,L, NYA
CHA ,CHA .vs SDN,HOME,L, SDN
CHA ,CHA .vs SDN,HOME,W, SDN
CHA ,CHA .vs SFN,HOME,W, SFN
CHA ,CHA .vs CIN,HOME,L, CIN
CHA ,CHA .vs CIN,HOME,W, CIN
CHA ,CHA .vs PIT,HOME,L, PIT
CHA ,CHA .vs SLN,HOME,L, SLN
CHA ,CHA .vs WAS,HOME,L, WAS
CHA ,CHA .vs WAS,HOME,W, WAS
CHA ,CHA .vs PHI,HOME,W, PHI
CHA ,CHA .vs PHI,HOME,L, PHI
CHA ,CHA .vs LAN,HOME,L, LAN
CHA ,CHA .vs SFN,HOME,L, SFN
CHN,CHN @ SLN,AWAY,W, SLN
CHN,CHN @ SLN,AWAY,L, SLN
CHN,CHN @ MIA,AWAY,L, MIA
CHN,CHN @ PHI,AWAY,W, PHI
CHN,CHN @ PHI,AWAY,L, PHI
CHN,CHN @ CIN,AWAY,W, CIN
CHN,CHN @ CIN,AWAY,L, CIN
CHN,CHN @ MIL,AWAY,L, MIL
CHN,CHN @ MIL,AWAY,W, MIL
CHN,CHN @ HOU,AWAY,L, HOU
CHN,CHN @ PIT,AWAY,L, PIT
CHN,CHN @ SFN,AWAY,L, SFN
CHN,CHN @ MIN,AWAY,L, MIN
CHN,CHN @ MIN,AWAY,W, MIN
CHN,CHN @ CHA,AWAY,W, CHA
CHN,CHN @ CHA,AWAY,L, CHA
CHN,CHN @ ARI,AWAY,L, ARI
CHN,CHN @ ATL,AWAY,W, ATL
CHN,CHN @ ATL,AWAY,L, ATL
CHN,CHN @ NYN,AWAY,W, NYN
CHN,CHN @ NYN,AWAY,L, NYN
CHN,CHN @ PIT,AWAY,W, PIT
CHN,CHN @ LAN,AWAY,L, LAN
CHN,CHN @ SDN,AWAY,L, SDN
CHN,CHN @ WAS,AWAY,L, WAS
CHN,CHN @ HOU,AWAY,W, HOU
CHN,CHN @ COL,AWAY,L, COL
CHN,CHN @ ARI,AWAY,W, ARI
CHN,CHN @ MIA,AWAY,W, MIA
CHN,CHN @ WAS,AWAY,W, WAS
CHN,CHN @ ANA,AWAY,L, ANA
CHN,CHN @ ANA,AWAY,W, ANA
CHN,CHN @ SEA,AWAY,L, SEA
CHN,CHN @ SEA,AWAY,W, SEA
CHN,CHN @ OAK,AWAY,L, OAK
CHN,CHN @ OAK,AWAY,W, OAK
CHN,CHN @ COL,AWAY,W, COL
CHN,CHN @ SFN,AWAY,W, SFN
CHN,CHN @ SDN,AWAY,W, SDN
CHN,CHN @ LAN,AWAY,W, LAN
CHN,CHN @ NYA,AWAY,L, NYA
CHN,CHN @ BOS,AWAY,W, BOS
CHN,CHN @ TOR,AWAY,L, TOR
CHN,CHN @ DET,AWAY,L, DET
CHN,CHN @ DET,AWAY,W, DET
CHN,CHN @ CLE,AWAY,W, CLE
CHN,CHN @ CLE,AWAY,L, CLE
CHN,CHN @ BOS,AWAY,L, BOS
CHN,CHN @ BAL,AWAY,W, BAL
CHN,CHN @ TBA,AWAY,W, TBA
CHN,CHN @ TBA,AWAY,L, TBA
CHN ,CHN .vs WAS,HOME,L, WAS
CHN ,CHN .vs WAS,HOME,W, WAS
CHN ,CHN .vs MIL,HOME,L, MIL
CHN ,CHN .vs MIL,HOME,W, MIL
CHN ,CHN .vs CIN,HOME,L, CIN
CHN ,CHN .vs CIN,HOME,W, CIN
CHN ,CHN .vs SLN,HOME,W, SLN
CHN ,CHN .vs SLN,HOME,L, SLN
CHN ,CHN .vs LAN,HOME,W, LAN
CHN ,CHN .vs LAN,HOME,L, LAN
CHN ,CHN .vs ATL,HOME,W, ATL
CHN ,CHN .vs ATL,HOME,L, ATL
CHN ,CHN .vs PHI,HOME,L, PHI
CHN ,CHN .vs CHA,HOME,L, CHA
CHN ,CHN .vs SDN,HOME,W, SDN
CHN ,CHN .vs DET,HOME,W, DET
CHN ,CHN .vs DET,HOME,L, DET
CHN ,CHN .vs BOS,HOME,W, BOS
CHN ,CHN .vs BOS,HOME,L, BOS
CHN ,CHN .vs NYN,HOME,W, NYN
CHN ,CHN .vs NYN,HOME,L, NYN
CHN ,CHN .vs HOU,HOME,W, HOU
CHN ,CHN .vs ARI,HOME,W, ARI
CHN ,CHN .vs MIA,HOME,L, MIA
CHN ,CHN .vs MIA,HOME,W, MIA
CHN ,CHN .vs PIT,HOME,W, PIT
CHN ,CHN .vs PIT,HOME,L, PIT
CHN ,CHN .vs HOU,HOME,L, HOU
CHN ,CHN .vs COL,HOME,W, COL
CHN ,CHN .vs COL,HOME,L, COL
CHN ,CHN .vs SFN,HOME,W, SFN
CHN ,CHN .vs SFN,HOME,L, SFN
CHN ,CHN .vs TEX,HOME,L, TEX
CHN ,CHN .vs TEX,HOME,W, TEX
CHN ,CHN .vs SDN,HOME,L, SDN
CHN ,CHN .vs CHA,HOME,W, CHA
CHN ,CHN .vs ARI,HOME,L, ARI
CHN ,CHN .vs ANA,HOME,W, ANA
CHN ,CHN .vs ANA,HOME,L, ANA
CHN ,CHN .vs PHI,HOME,W, PHI
CHN ,CHN .vs NYA,HOME,W, NYA
CHN ,CHN .vs NYA,HOME,L, NYA
CHN ,CHN .vs TBA,HOME,L, TBA
CHN ,CHN .vs TBA,HOME,W, TBA
CHN ,CHN .vs BAL,HOME,W, BAL
CHN ,CHN .vs KCA,HOME,L, KCA
CHN ,CHN .vs KCA,HOME,W, KCA
CHN ,CHN .vs CLE,HOME,L, CLE
CHN ,CHN .vs CLE,HOME,W, CLE
CHN ,CHN .vs SEA,HOME,W, SEA
CHN ,CHN .vs SEA,HOME,L, SEA
CHN ,CHN .vs TOR,HOME,W, TOR
CIN,CIN @ WAS,AWAY,L, WAS
CIN,CIN @ WAS,AWAY,W, WAS
CIN,CIN @ SLN,AWAY,L, SLN
CIN,CIN @ SLN,AWAY,W, SLN
CIN,CIN @ CHN,AWAY,W, CHN
CIN,CIN @ CHN,AWAY,L, CHN
CIN,CIN @ PIT,AWAY,W, PIT
CIN,CIN @ PIT,AWAY,L, PIT
CIN,CIN @ MIL,AWAY,W, MIL
CIN,CIN @ MIL,AWAY,L, MIL
CIN,CIN @ ATL,AWAY,W, ATL
CIN,CIN @ ATL,AWAY,L, ATL
CIN,CIN @ NYN,AWAY,W, NYN
CIN,CIN @ NYN,AWAY,L, NYN
CIN,CIN @ NYA,AWAY,L, NYA
CIN,CIN @ NYA,AWAY,W, NYA
CIN,CIN @ HOU,AWAY,W, HOU
CIN,CIN @ HOU,AWAY,L, HOU
CIN,CIN @ CLE,AWAY,L, CLE
CIN,CIN @ SFN,AWAY,L, SFN
CIN,CIN @ SFN,AWAY,W, SFN
CIN,CIN @ LAN,AWAY,W, LAN
CIN,CIN @ LAN,AWAY,L, LAN
CIN,CIN @ SDN,AWAY,L, SDN
CIN,CIN @ SDN,AWAY,W, SDN
CIN,CIN @ COL,AWAY,W, COL
CIN,CIN @ PHI,AWAY,L, PHI
CIN,CIN @ PHI,AWAY,W, PHI
CIN,CIN @ ARI,AWAY,W, ARI
CIN,CIN @ MIA,AWAY,L, MIA
CIN,CIN @ MIA,AWAY,W, MIA
CIN,CIN @ ARI,AWAY,L, ARI
CIN,CIN @ OAK,AWAY,L, OAK
CIN,CIN @ TEX,AWAY,L, TEX
CIN,CIN @ TEX,AWAY,W, TEX
CIN,CIN @ COL,AWAY,L, COL
CIN,CIN @ BOS,AWAY,L, BOS
CIN,CIN @ CLE,AWAY,W, CLE
CIN,CIN @ BAL,AWAY,L, BAL
CIN,CIN @ CHA,AWAY,W, CHA
CIN,CIN @ CHA,AWAY,L, CHA
CIN,CIN @ KCA,AWAY,L, KCA
CIN,CIN @ DET,AWAY,L, DET
CIN,CIN @ DET,AWAY,W, DET
CIN,CIN @ ANA,AWAY,L, ANA
CIN,CIN @ TOR,AWAY,L, TOR
CIN,CIN @ TBA,AWAY,W, TBA
CIN,CIN @ TBA,AWAY,L, TBA
CIN ,CIN .vs MIA,HOME,W, MIA
CIN ,CIN .vs MIA,HOME,L, MIA
CIN ,CIN .vs SLN,HOME,L, SLN
CIN ,CIN .vs SLN,HOME,W, SLN
CIN ,CIN .vs SFN,HOME,W, SFN
CIN ,CIN .vs SFN,HOME,L, SFN
CIN ,CIN .vs HOU,HOME,L, HOU
CIN ,CIN .vs HOU,HOME,W, HOU
CIN ,CIN .vs CHN,HOME,L, CHN
CIN ,CIN .vs CHN,HOME,W, CHN
CIN ,CIN .vs WAS,HOME,L, WAS
CIN ,CIN .vs WAS,HOME,W, WAS
CIN ,CIN .vs ATL,HOME,W, ATL
CIN ,CIN .vs COL,HOME,L, COL
CIN ,CIN .vs COL,HOME,W, COL
CIN ,CIN .vs PIT,HOME,L, PIT
CIN ,CIN .vs PIT,HOME,W, PIT
CIN ,CIN .vs DET,HOME,W, DET
CIN ,CIN .vs DET,HOME,L, DET
CIN ,CIN .vs CLE,HOME,W, CLE
CIN ,CIN .vs MIN,HOME,L, MIN
CIN ,CIN .vs MIN,HOME,W, MIN
CIN ,CIN .vs MIL,HOME,W, MIL
CIN ,CIN .vs MIL,HOME,L, MIL
CIN ,CIN .vs ARI,HOME,L, ARI
CIN ,CIN .vs ARI,HOME,W, ARI
CIN ,CIN .vs SDN,HOME,L, SDN
CIN ,CIN .vs SDN,HOME,W, SDN
CIN ,CIN .vs NYN,HOME,W, NYN
CIN ,CIN .vs NYN,HOME,L, NYN
CIN ,CIN .vs PHI,HOME,L, PHI
CIN ,CIN .vs PHI,HOME,W, PHI
CIN ,CIN .vs LAN,HOME,L, LAN
CIN ,CIN .vs LAN,HOME,W, LAN
CIN ,CIN .vs ANA,HOME,L, ANA
CIN ,CIN .vs ANA,HOME,W, ANA
CIN ,CIN .vs ATL,HOME,L, ATL
CIN ,CIN .vs SEA,HOME,L, SEA
CIN ,CIN .vs SEA,HOME,W, SEA
CIN ,CIN .vs OAK,HOME,W, OAK
CIN ,CIN .vs TBA,HOME,L, TBA
CIN ,CIN .vs TBA,HOME,W, TBA
CIN ,CIN .vs TOR,HOME,L, TOR
CIN ,CIN .vs TOR,HOME,W, TOR
CIN ,CIN .vs BOS,HOME,L, BOS
CIN ,CIN .vs CLE,HOME,L, CLE
CIN ,CIN .vs KCA,HOME,L, KCA
CIN ,CIN .vs OAK,HOME,L, OAK
CIN ,CIN .vs TEX,HOME,W, TEX
CIN ,CIN .vs TEX,HOME,L, TEX
CIN ,CIN .vs BAL,HOME,W, BAL
CIN ,CIN .vs BAL,HOME,L, BAL
CIN ,CIN .vs NYA,HOME,L, NYA
CIN ,CIN .vs NYA,HOME,W, NYA
CLE,CLE @ KCA,AWAY,W, KCA
CLE,CLE @ SEA,AWAY,W, SEA
CLE,CLE @ SEA,AWAY,L, SEA
CLE,CLE @ OAK,AWAY,W, OAK
CLE,CLE @ OAK,AWAY,L, OAK
CLE,CLE @ CHA,AWAY,L, CHA
CLE,CLE @ CHA,AWAY,W, CHA
CLE,CLE @ BOS,AWAY,W, BOS
CLE,CLE @ BOS,AWAY,L, BOS
CLE,CLE @ MIN,AWAY,W, MIN
CLE,CLE @ DET,AWAY,W, DET
CLE,CLE @ DET,AWAY,L, DET
CLE,CLE @ SLN,AWAY,W, SLN
CLE,CLE @ SLN,AWAY,L, SLN
CLE,CLE @ CIN,AWAY,L, CIN
CLE,CLE @ HOU,AWAY,W, HOU
CLE,CLE @ HOU,AWAY,L, HOU
CLE,CLE @ NYA,AWAY,L, NYA
CLE,CLE @ BAL,AWAY,W, BAL
CLE,CLE @ BAL,AWAY,L, BAL
CLE,CLE @ TOR,AWAY,W, TOR
CLE,CLE @ TOR,AWAY,L, TOR
CLE,CLE @ TBA,AWAY,W, TBA
CLE,CLE @ TBA,AWAY,L, TBA
CLE,CLE @ MIN,AWAY,L, MIN
CLE,CLE @ KCA,AWAY,L, KCA
CLE,CLE @ ANA,AWAY,W, ANA
CLE,CLE @ ANA,AWAY,L, ANA
CLE,CLE @ TEX,AWAY,L, TEX
CLE,CLE @ TEX,AWAY,W, TEX
CLE,CLE @ PHI,AWAY,L, PHI
CLE,CLE @ PHI,AWAY,W, PHI
CLE,CLE @ MIA,AWAY,L, MIA
CLE,CLE @ MIA,AWAY,W, MIA
CLE,CLE @ ATL,AWAY,L, ATL
CLE,CLE @ SFN,AWAY,L, SFN
CLE,CLE @ ARI,AWAY,L, ARI
CLE,CLE @ ARI,AWAY,W, ARI
CLE,CLE @ LAN,AWAY,L, LAN
CLE,CLE @ LAN,AWAY,W, LAN
CLE,CLE @ NYA,AWAY,W, NYA
CLE,CLE @ CHN,AWAY,W, CHN
CLE,CLE @ PIT,AWAY,W, PIT
CLE,CLE @ PIT,AWAY,L, PIT
CLE,CLE @ CIN,AWAY,W, CIN
CLE,CLE @ MIL,AWAY,L, MIL
CLE,CLE @ MIL,AWAY,W, MIL
CLE,CLE @ CHN,AWAY,L, CHN
CLE,CLE @ ATL,AWAY,W, ATL
CLE,CLE @ WAS,AWAY,W, WAS
CLE,CLE @ WAS,AWAY,L, WAS
CLE,CLE @ COL,AWAY,L, COL
CLE,CLE @ SFN,AWAY,W, SFN
CLE ,CLE .vs TOR,HOME,L, TOR
CLE ,CLE .vs TOR,HOME,W, TOR
CLE ,CLE .vs CHA,HOME,L, CHA
CLE ,CLE .vs KCA,HOME,W, KCA
CLE ,CLE .vs KCA,HOME,L, KCA
CLE ,CLE .vs ANA,HOME,W, ANA
CLE ,CLE .vs ANA,HOME,L, ANA
CLE ,CLE .vs TEX,HOME,W, TEX
CLE ,CLE .vs TEX,HOME,L, TEX
CLE ,CLE .vs CHA,HOME,W, CHA
CLE ,CLE .vs SEA,HOME,W, SEA
CLE ,CLE .vs MIA,HOME,L, MIA
CLE ,CLE .vs MIA,HOME,W, MIA
CLE ,CLE .vs DET,HOME,W, DET
CLE ,CLE .vs MIN,HOME,W, MIN
CLE ,CLE .vs MIN,HOME,L, MIN
CLE ,CLE .vs PIT,HOME,W, PIT
CLE ,CLE .vs PIT,HOME,L, PIT
CLE ,CLE .vs CIN,HOME,W, CIN
CLE ,CLE .vs TBA,HOME,W, TBA
CLE ,CLE .vs TBA,HOME,L, TBA
CLE ,CLE .vs BAL,HOME,L, BAL
CLE ,CLE .vs BAL,HOME,W, BAL
CLE ,CLE .vs DET,HOME,L, DET
CLE ,CLE .vs BOS,HOME,W, BOS
CLE ,CLE .vs BOS,HOME,L, BOS
CLE ,CLE .vs NYA,HOME,L, NYA
CLE ,CLE .vs NYA,HOME,W, NYA
CLE ,CLE .vs OAK,HOME,L, OAK
CLE ,CLE .vs PHI,HOME,W, PHI
CLE ,CLE .vs OAK,HOME,W, OAK
CLE ,CLE .vs WAS,HOME,W, WAS
CLE ,CLE .vs WAS,HOME,L, WAS
CLE ,CLE .vs NYN,HOME,W, NYN
CLE ,CLE .vs NYN,HOME,L, NYN
CLE ,CLE .vs HOU,HOME,W, HOU
CLE ,CLE .vs SDN,HOME,W, SDN
CLE ,CLE .vs SDN,HOME,L, SDN
CLE ,CLE .vs COL,HOME,W, COL
CLE ,CLE .vs SEA,HOME,L, SEA
CLE ,CLE .vs CIN,HOME,L, CIN
CLE ,CLE .vs ARI,HOME,W, ARI
CLE ,CLE .vs ARI,HOME,L, ARI
CLE ,CLE .vs HOU,HOME,L, HOU
CLE ,CLE .vs SLN,HOME,L, SLN
CLE ,CLE .vs SLN,HOME,W, SLN
CLE ,CLE .vs CHN,HOME,L, CHN
CLE ,CLE .vs CHN,HOME,W, CHN
CLE ,CLE .vs MIL,HOME,W, MIL
CLE ,CLE .vs LAN,HOME,L, LAN
CLE ,CLE .vs LAN,HOME,W, LAN
CLE ,CLE .vs COL,HOME,L, COL
COL,COL @ HOU,AWAY,W, HOU
COL,COL @ HOU,AWAY,L, HOU
COL,COL @ MIL,AWAY,W, MIL
COL,COL @ MIL,AWAY,L, MIL
COL,COL @ PIT,AWAY,L, PIT
COL,COL @ PIT,AWAY,W, PIT
COL,COL @ SDN,AWAY,L, SDN
COL,COL @ SDN,AWAY,W, SDN
COL,COL @ LAN,AWAY,L, LAN
COL,COL @ SFN,AWAY,L, SFN
COL,COL @ SFN,AWAY,W, SFN
COL,COL @ MIA,AWAY,L, MIA
COL,COL @ MIA,AWAY,W, MIA
COL,COL @ CIN,AWAY,W, CIN
COL,COL @ CIN,AWAY,L, CIN
COL,COL @ ARI,AWAY,W, ARI
COL,COL @ ARI,AWAY,L, ARI
COL,COL @ DET,AWAY,W, DET
COL,COL @ DET,AWAY,L, DET
COL,COL @ PHI,AWAY,L, PHI
COL,COL @ PHI,AWAY,W, PHI
COL,COL @ TEX,AWAY,L, TEX
COL,COL @ TEX,AWAY,W, TEX
COL,COL @ SLN,AWAY,L, SLN
COL,COL @ SLN,AWAY,W, SLN
COL,COL @ WAS,AWAY,W, WAS
COL,COL @ WAS,AWAY,L, WAS
COL,COL @ LAN,AWAY,W, LAN
COL,COL @ NYN,AWAY,W, NYN
COL,COL @ CHN,AWAY,L, CHN
COL,COL @ CHN,AWAY,W, CHN
COL,COL @ ATL,AWAY,L, ATL
COL,COL @ ATL,AWAY,W, ATL
COL,COL @ TOR,AWAY,L, TOR
COL,COL @ BOS,AWAY,L, BOS
COL,COL @ NYN,AWAY,L, NYN
COL,COL @ BAL,AWAY,W, BAL
COL,COL @ BAL,AWAY,L, BAL
COL,COL @ KCA,AWAY,L, KCA
COL,COL @ CLE,AWAY,L, CLE
COL,COL @ ANA,AWAY,L, ANA
COL,COL @ OAK,AWAY,L, OAK
COL,COL @ OAK,AWAY,W, OAK
COL,COL @ SEA,AWAY,W, SEA
COL,COL @ SEA,AWAY,L, SEA
COL,COL @ BOS,AWAY,W, BOS
COL,COL @ NYA,AWAY,W, NYA
COL,COL @ NYA,AWAY,L, NYA
COL,COL @ MIN,AWAY,W, MIN
COL,COL @ MIN,AWAY,L, MIN
COL,COL @ CLE,AWAY,W, CLE
COL,COL @ KCA,AWAY,W, KCA
COL ,COL .vs SFN,HOME,L, SFN
COL ,COL .vs SFN,HOME,W, SFN
COL ,COL .vs ARI,HOME,W, ARI
COL ,COL .vs ARI,HOME,L, ARI
COL ,COL .vs SDN,HOME,L, SDN
COL ,COL .vs SDN,HOME,W, SDN
COL ,COL .vs NYN,HOME,W, NYN
COL ,COL .vs NYN,HOME,L, NYN
COL ,COL .vs LAN,HOME,W, LAN
COL ,COL .vs LAN,HOME,L, LAN
COL ,COL .vs ATL,HOME,L, ATL
COL ,COL .vs SEA,HOME,L, SEA
COL ,COL .vs HOU,HOME,W, HOU
COL ,COL .vs ANA,HOME,L, ANA
COL ,COL .vs OAK,HOME,L, OAK
COL ,COL .vs WAS,HOME,W, WAS
COL ,COL .vs WAS,HOME,L, WAS
COL ,COL .vs PHI,HOME,W, PHI
COL ,COL .vs PHI,HOME,L, PHI
COL ,COL .vs PIT,HOME,W, PIT
COL ,COL .vs PIT,HOME,L, PIT
COL ,COL .vs CIN,HOME,L, CIN
COL ,COL .vs SLN,HOME,L, SLN
COL ,COL .vs SLN,HOME,W, SLN
COL ,COL .vs MIL,HOME,W, MIL
COL ,COL .vs MIA,HOME,W, MIA
COL ,COL .vs MIA,HOME,L, MIA
COL ,COL .vs CHN,HOME,W, CHN
COL ,COL .vs ATL,HOME,W, ATL
COL ,COL .vs TBA,HOME,L, TBA
COL ,COL .vs TBA,HOME,W, TBA
COL ,COL .vs NYA,HOME,W, NYA
COL ,COL .vs NYA,HOME,L, NYA
COL ,COL .vs HOU,HOME,L, HOU
COL ,COL .vs CHN,HOME,L, CHN
COL ,COL .vs MIL,HOME,L, MIL
COL ,COL .vs CIN,HOME,W, CIN
COL ,COL .vs BOS,HOME,W, BOS
COL ,COL .vs BOS,HOME,L, BOS
COL ,COL .vs CHA,HOME,W, CHA
COL ,COL .vs CHA,HOME,L, CHA
COL ,COL .vs TEX,HOME,W, TEX
COL ,COL .vs MIN,HOME,W, MIN
COL ,COL .vs MIN,HOME,L, MIN
COL ,COL .vs KCA,HOME,L, KCA
COL ,COL .vs KCA,HOME,W, KCA
COL ,COL .vs TEX,HOME,L, TEX
COL ,COL .vs SEA,HOME,W, SEA
COL ,COL .vs TOR,HOME,W, TOR
COL ,COL .vs TOR,HOME,L, TOR
COL ,COL .vs CLE,HOME,W, CLE
COL ,COL .vs DET,HOME,L, DET
COL ,COL .vs DET,HOME,W, DET
DET,DET @ CHA,AWAY,L, CHA
DET,DET @ CHA,AWAY,W, CHA
DET,DET @ KCA,AWAY,W, KCA
DET,DET @ NYA,AWAY,L, NYA
DET,DET @ NYA,AWAY,W, NYA
DET,DET @ SEA,AWAY,L, SEA
DET,DET @ SEA,AWAY,W, SEA
DET,DET @ OAK,AWAY,W, OAK
DET,DET @ OAK,AWAY,L, OAK
DET,DET @ CLE,AWAY,L, CLE
DET,DET @ MIN,AWAY,W, MIN
DET,DET @ BOS,AWAY,L, BOS
DET,DET @ BOS,AWAY,W, BOS
DET,DET @ CIN,AWAY,L, CIN
DET,DET @ CIN,AWAY,W, CIN
DET,DET @ CHN,AWAY,L, CHN
DET,DET @ CHN,AWAY,W, CHN
DET,DET @ PIT,AWAY,L, PIT
DET,DET @ PIT,AWAY,W, PIT
DET,DET @ TEX,AWAY,W, TEX
DET,DET @ TEX,AWAY,L, TEX
DET,DET @ TBA,AWAY,W, TBA
DET,DET @ TBA,AWAY,L, TBA
DET,DET @ BAL,AWAY,W, BAL
DET,DET @ BAL,AWAY,L, BAL
DET,DET @ CLE,AWAY,W, CLE
DET,DET @ TOR,AWAY,L, TOR
DET,DET @ TOR,AWAY,W, TOR
DET,DET @ MIN,AWAY,L, MIN
DET,DET @ KCA,AWAY,L, KCA
DET,DET @ ANA,AWAY,L, ANA
DET,DET @ HOU,AWAY,W, HOU
DET,DET @ WAS,AWAY,L, WAS
DET,DET @ NYN,AWAY,W, NYN
DET,DET @ MIA,AWAY,L, MIA
DET,DET @ LAN,AWAY,L, LAN
DET,DET @ LAN,AWAY,W, LAN
DET,DET @ SDN,AWAY,L, SDN
DET,DET @ SDN,AWAY,W, SDN
DET,DET @ HOU,AWAY,L, HOU
DET,DET @ ARI,AWAY,W, ARI
DET,DET @ ARI,AWAY,L, ARI
DET,DET @ ANA,AWAY,W, ANA
DET,DET @ SLN,AWAY,W, SLN
DET,DET @ SLN,AWAY,L, SLN
DET,DET @ MIA,AWAY,W, MIA
DET,DET @ WAS,AWAY,W, WAS
DET,DET @ ATL,AWAY,W, ATL
DET,DET @ ATL,AWAY,L, ATL
DET,DET @ COL,AWAY,W, COL
DET,DET @ COL,AWAY,L, COL
DET ,DET .vs BOS,HOME,W, BOS
DET ,DET .vs TBA,HOME,W, TBA
DET ,DET .vs TBA,HOME,L, TBA
DET ,DET .vs TEX,HOME,L, TEX
DET ,DET .vs TEX,HOME,W, TEX
DET ,DET .vs SEA,HOME,L, SEA
DET ,DET .vs KCA,HOME,W, KCA
DET ,DET .vs KCA,HOME,L, KCA
DET ,DET .vs CHA,HOME,W, CHA
DET ,DET .vs CHA,HOME,L, CHA
DET ,DET .vs MIN,HOME,L, MIN
DET ,DET .vs PIT,HOME,W, PIT
DET ,DET .vs PIT,HOME,L, PIT
DET ,DET .vs NYA,HOME,L, NYA
DET ,DET .vs NYA,HOME,W, NYA
DET ,DET .vs CLE,HOME,L, CLE
DET ,DET .vs CLE,HOME,W, CLE
DET ,DET .vs COL,HOME,L, COL
DET ,DET .vs COL,HOME,W, COL
DET ,DET .vs SLN,HOME,W, SLN
DET ,DET .vs SLN,HOME,L, SLN
DET ,DET .vs MIN,HOME,W, MIN
DET ,DET .vs ANA,HOME,W, ANA
DET ,DET .vs ANA,HOME,L, ANA
DET ,DET .vs BAL,HOME,W, BAL
DET ,DET .vs BAL,HOME,L, BAL
DET ,DET .vs TOR,HOME,W, TOR
DET ,DET .vs OAK,HOME,W, OAK
DET ,DET .vs OAK,HOME,L, OAK
DET ,DET .vs TOR,HOME,L, TOR
DET ,DET .vs ATL,HOME,W, ATL
DET ,DET .vs HOU,HOME,W, HOU
DET ,DET .vs HOU,HOME,L, HOU
DET ,DET .vs BOS,HOME,L, BOS
DET ,DET .vs PHI,HOME,W, PHI
DET ,DET .vs WAS,HOME,W, WAS
DET ,DET .vs SEA,HOME,W, SEA
DET ,DET .vs LAN,HOME,W, LAN
DET ,DET .vs SFN,HOME,L, SFN
DET ,DET .vs SFN,HOME,W, SFN
DET ,DET .vs MIL,HOME,L, MIL
DET ,DET .vs MIL,HOME,W, MIL
DET ,DET .vs CHN,HOME,W, CHN
DET ,DET .vs CHN,HOME,L, CHN
DET ,DET .vs CIN,HOME,W, CIN
DET ,DET .vs CIN,HOME,L, CIN
DET ,DET .vs PHI,HOME,L, PHI
DET ,DET .vs MIA,HOME,W, MIA
DET ,DET .vs NYN,HOME,W, NYN
DET ,DET .vs NYN,HOME,L, NYN
DET ,DET .vs ARI,HOME,L, ARI
DET ,DET .vs LAN,HOME,L, LAN
HOU,HOU @ MIA,AWAY,L, MIA
HOU,HOU @ MIA,AWAY,W, MIA
HOU,HOU @ WAS,AWAY,L, WAS
HOU,HOU @ WAS,AWAY,W, WAS
HOU,HOU @ MIL,AWAY,L, MIL
HOU,HOU @ MIL,AWAY,W, MIL
HOU,HOU @ CIN,AWAY,W, CIN
HOU,HOU @ CIN,AWAY,L, CIN
HOU,HOU @ PIT,AWAY,W, PIT
HOU,HOU @ PIT,AWAY,L, PIT
HOU,HOU @ PHI,AWAY,L, PHI
HOU,HOU @ LAN,AWAY,W, LAN
HOU,HOU @ LAN,AWAY,L, LAN
HOU,HOU @ COL,AWAY,L, COL
HOU,HOU @ CHA,AWAY,W, CHA
HOU,HOU @ CHA,AWAY,L, CHA
HOU,HOU @ SFN,AWAY,L, SFN
HOU,HOU @ SFN,AWAY,W, SFN
HOU,HOU @ TEX,AWAY,L, TEX
HOU,HOU @ CHN,AWAY,L, CHN
HOU,HOU @ SDN,AWAY,W, SDN
HOU,HOU @ SDN,AWAY,L, SDN
HOU,HOU @ ARI,AWAY,L, ARI
HOU,HOU @ ATL,AWAY,L, ATL
HOU,HOU @ ATL,AWAY,W, ATL
HOU,HOU @ CHN,AWAY,W, CHN
HOU,HOU @ SLN,AWAY,L, SLN
HOU,HOU @ NYN,AWAY,W, NYN
HOU,HOU @ NYN,AWAY,L, NYN
HOU,HOU @ SEA,AWAY,L, SEA
HOU,HOU @ SEA,AWAY,W, SEA
HOU,HOU @ ANA,AWAY,W, ANA
HOU,HOU @ ANA,AWAY,L, ANA
HOU,HOU @ OAK,AWAY,L, OAK
HOU,HOU @ BOS,AWAY,L, BOS
HOU,HOU @ NYA,AWAY,W, NYA
HOU,HOU @ NYA,AWAY,L, NYA
HOU,HOU @ DET,AWAY,L, DET
HOU,HOU @ DET,AWAY,W, DET
HOU,HOU @ COL,AWAY,W, COL
HOU,HOU @ KCA,AWAY,L, KCA
HOU,HOU @ TEX,AWAY,W, TEX
HOU,HOU @ TBA,AWAY,W, TBA
HOU,HOU @ TBA,AWAY,L, TBA
HOU,HOU @ TOR,AWAY,L, TOR
HOU,HOU @ TOR,AWAY,W, TOR
HOU,HOU @ BAL,AWAY,L, BAL
HOU,HOU @ BAL,AWAY,W, BAL
HOU,HOU @ MIN,AWAY,L, MIN
HOU,HOU @ OAK,AWAY,W, OAK
HOU,HOU @ CLE,AWAY,L, CLE
HOU,HOU @ KCA,AWAY,W, KCA
HOU,HOU @ MIN,AWAY,W, MIN
HOU,HOU @ ARI,AWAY,W, ARI
HOU,HOU @ BOS,AWAY,W, BOS
HOU,HOU @ CLE,AWAY,W, CLE
HOU,HOU @ SLN,AWAY,W, SLN
HOU,HOU @ PHI,AWAY,W, PHI
HOU ,HOU .vs COL,HOME,L, COL
HOU ,HOU .vs COL,HOME,W, COL
HOU ,HOU .vs ATL,HOME,W, ATL
HOU ,HOU .vs ATL,HOME,L, ATL
HOU ,HOU .vs LAN,HOME,L, LAN
HOU ,HOU .vs LAN,HOME,W, LAN
HOU ,HOU .vs NYN,HOME,W, NYN
HOU ,HOU .vs SLN,HOME,W, SLN
HOU ,HOU .vs SLN,HOME,L, SLN
HOU ,HOU .vs MIA,HOME,L, MIA
HOU ,HOU .vs MIA,HOME,W, MIA
HOU ,HOU .vs MIL,HOME,W, MIL
HOU ,HOU .vs TEX,HOME,L, TEX
HOU ,HOU .vs TEX,HOME,W, TEX
HOU ,HOU .vs CHN,HOME,W, CHN
HOU ,HOU .vs CIN,HOME,L, CIN
HOU ,HOU .vs CIN,HOME,W, CIN
HOU ,HOU .vs KCA,HOME,W, KCA
HOU ,HOU .vs KCA,HOME,L, KCA
HOU ,HOU .vs CLE,HOME,L, CLE
HOU ,HOU .vs CLE,HOME,W, CLE
HOU ,HOU .vs SDN,HOME,L, SDN
HOU ,HOU .vs SDN,HOME,W, SDN
HOU ,HOU .vs MIL,HOME,L, MIL
HOU ,HOU .vs PIT,HOME,L, PIT
HOU ,HOU .vs PIT,HOME,W, PIT
HOU ,HOU .vs WAS,HOME,L, WAS
HOU ,HOU .vs ARI,HOME,L, ARI
HOU ,HOU .vs SFN,HOME,L, SFN
HOU ,HOU .vs CHN,HOME,L, CHN
HOU ,HOU .vs PHI,HOME,W, PHI
HOU ,HOU .vs PHI,HOME,L, PHI
HOU ,HOU .vs OAK,HOME,L, OAK
HOU ,HOU .vs SEA,HOME,L, SEA
HOU ,HOU .vs SEA,HOME,W, SEA
HOU ,HOU .vs DET,HOME,L, DET
HOU ,HOU .vs ANA,HOME,W, ANA
HOU ,HOU .vs ANA,HOME,L, ANA
HOU ,HOU .vs BAL,HOME,L, BAL
HOU ,HOU .vs BAL,HOME,W, BAL
HOU ,HOU .vs CHA,HOME,W, CHA
HOU ,HOU .vs CHA,HOME,L, CHA
HOU ,HOU .vs TBA,HOME,L, TBA
HOU ,HOU .vs TBA,HOME,W, TBA
HOU ,HOU .vs OAK,HOME,W, OAK
HOU ,HOU .vs BOS,HOME,W, BOS
HOU ,HOU .vs BOS,HOME,L, BOS
HOU ,HOU .vs TOR,HOME,W, TOR
HOU ,HOU .vs TOR,HOME,L, TOR
HOU ,HOU .vs MIN,HOME,L, MIN
HOU ,HOU .vs MIN,HOME,W, MIN
HOU ,HOU .vs NYA,HOME,L, NYA
HOU ,HOU .vs NYA,HOME,W, NYA
HOU ,HOU .vs ARI,HOME,W, ARI
HOU ,HOU .vs DET,HOME,W, DET
HOU ,HOU .vs SFN,HOME,W, SFN
HOU ,HOU .vs WAS,HOME,W, WAS
KCA,KCA @ ANA,AWAY,L, ANA
KCA,KCA @ ANA,AWAY,W, ANA
KCA,KCA @ OAK,AWAY,L, OAK
KCA,KCA @ OAK,AWAY,W, OAK
KCA,KCA @ CLE,AWAY,L, CLE
KCA,KCA @ CLE,AWAY,W, CLE
KCA,KCA @ MIN,AWAY,W, MIN
KCA,KCA @ MIN,AWAY,L, MIN
KCA,KCA @ DET,AWAY,L, DET
KCA,KCA @ DET,AWAY,W, DET
KCA,KCA @ CHA,AWAY,L, CHA
KCA,KCA @ CHA,AWAY,W, CHA
KCA,KCA @ TEX,AWAY,W, TEX
KCA,KCA @ NYA,AWAY,W, NYA
KCA,KCA @ NYA,AWAY,L, NYA
KCA,KCA @ BAL,AWAY,L, BAL
KCA,KCA @ BAL,AWAY,W, BAL
KCA,KCA @ PIT,AWAY,L, PIT
KCA,KCA @ SLN,AWAY,W, SLN
KCA,KCA @ SLN,AWAY,L, SLN
KCA,KCA @ HOU,AWAY,L, HOU
KCA,KCA @ HOU,AWAY,W, HOU
KCA,KCA @ TOR,AWAY,W, TOR
KCA,KCA @ TOR,AWAY,L, TOR
KCA,KCA @ SEA,AWAY,L, SEA
KCA,KCA @ TBA,AWAY,L, TBA
KCA,KCA @ TBA,AWAY,W, TBA
KCA,KCA @ BOS,AWAY,L, BOS
KCA,KCA @ BOS,AWAY,W, BOS
KCA,KCA @ PHI,AWAY,W, PHI
KCA,KCA @ PHI,AWAY,L, PHI
KCA,KCA @ ATL,AWAY,L, ATL
KCA,KCA @ ATL,AWAY,W, ATL
KCA,KCA @ TEX,AWAY,L, TEX
KCA,KCA @ NYN,AWAY,L, NYN
KCA,KCA @ NYN,AWAY,W, NYN
KCA,KCA @ SEA,AWAY,W, SEA
KCA,KCA @ SDN,AWAY,L, SDN
KCA,KCA @ SDN,AWAY,W, SDN
KCA,KCA @ ARI,AWAY,W, ARI
KCA,KCA @ COL,AWAY,W, COL
KCA,KCA @ COL,AWAY,L, COL
KCA,KCA @ CHN,AWAY,W, CHN
KCA,KCA @ CHN,AWAY,L, CHN
KCA,KCA @ MIL,AWAY,W, MIL
KCA,KCA @ CIN,AWAY,W, CIN
KCA,KCA @ MIA,AWAY,W, MIA
KCA,KCA @ MIA,AWAY,L, MIA
KCA,KCA @ SFN,AWAY,W, SFN
KCA,KCA @ LAN,AWAY,L, LAN
KCA ,KCA .vs CLE,HOME,L, CLE
KCA ,KCA .vs DET,HOME,L, DET
KCA ,KCA .vs TOR,HOME,L, TOR
KCA ,KCA .vs NYA,HOME,W, NYA
KCA ,KCA .vs NYA,HOME,L, NYA
KCA ,KCA .vs BOS,HOME,L, BOS
KCA ,KCA .vs BOS,HOME,W, BOS
KCA ,KCA .vs BAL,HOME,L, BAL
KCA ,KCA .vs ARI,HOME,L, ARI
KCA ,KCA .vs ARI,HOME,W, ARI
KCA ,KCA .vs OAK,HOME,W, OAK
KCA ,KCA .vs OAK,HOME,L, OAK
KCA ,KCA .vs MIN,HOME,L, MIN
KCA ,KCA .vs MIN,HOME,W, MIN
KCA ,KCA .vs MIL,HOME,W, MIL
KCA ,KCA .vs SLN,HOME,L, SLN
KCA ,KCA .vs TBA,HOME,W, TBA
KCA ,KCA .vs CHA,HOME,L, CHA
KCA ,KCA .vs CHA,HOME,W, CHA
KCA ,KCA .vs SEA,HOME,L, SEA
KCA ,KCA .vs SEA,HOME,W, SEA
KCA ,KCA .vs CLE,HOME,W, CLE
KCA ,KCA .vs TEX,HOME,L, TEX
KCA ,KCA .vs TEX,HOME,W, TEX
KCA ,KCA .vs DET,HOME,W, DET
KCA ,KCA .vs ANA,HOME,L, ANA
KCA ,KCA .vs ANA,HOME,W, ANA
KCA ,KCA .vs TOR,HOME,W, TOR
KCA ,KCA .vs HOU,HOME,W, HOU
KCA ,KCA .vs ATL,HOME,L, ATL
KCA ,KCA .vs ATL,HOME,W, ATL
KCA ,KCA .vs BAL,HOME,W, BAL
KCA ,KCA .vs MIA,HOME,W, MIA
KCA ,KCA .vs MIA,HOME,L, MIA
KCA ,KCA .vs WAS,HOME,L, WAS
KCA ,KCA .vs WAS,HOME,W, WAS
KCA ,KCA .vs TBA,HOME,L, TBA
KCA ,KCA .vs COL,HOME,W, COL
KCA ,KCA .vs HOU,HOME,L, HOU
KCA ,KCA .vs SLN,HOME,W, SLN
KCA ,KCA .vs LAN,HOME,W, LAN
KCA ,KCA .vs LAN,HOME,L, LAN
KCA ,KCA .vs SFN,HOME,W, SFN
KCA ,KCA .vs CIN,HOME,W, CIN
KCA ,KCA .vs PIT,HOME,L, PIT
KCA ,KCA .vs PIT,HOME,W, PIT
KCA ,KCA .vs NYN,HOME,W, NYN
KCA ,KCA .vs NYN,HOME,L, NYN
KCA ,KCA .vs SFN,HOME,L, SFN
KCA ,KCA .vs COL,HOME,L, COL
LAN,LAN @ SDN,AWAY,W, SDN
LAN,LAN @ SDN,AWAY,L, SDN
LAN,LAN @ MIL,AWAY,L, MIL
LAN,LAN @ MIL,AWAY,W, MIL
LAN,LAN @ HOU,AWAY,W, HOU
LAN,LAN @ HOU,AWAY,L, HOU
LAN,LAN @ COL,AWAY,L, COL
LAN,LAN @ COL,AWAY,W, COL
LAN,LAN @ CHN,AWAY,L, CHN
LAN,LAN @ CHN,AWAY,W, CHN
LAN,LAN @ ARI,AWAY,W, ARI
LAN,LAN @ ARI,AWAY,L, ARI
LAN,LAN @ PHI,AWAY,W, PHI
LAN,LAN @ SEA,AWAY,L, SEA
LAN,LAN @ SEA,AWAY,W, SEA
LAN,LAN @ OAK,AWAY,L, OAK
LAN,LAN @ ANA,AWAY,L, ANA
LAN,LAN @ ANA,AWAY,W, ANA
LAN,LAN @ SFN,AWAY,L, SFN
LAN,LAN @ NYN,AWAY,W, NYN
LAN,LAN @ SLN,AWAY,W, SLN
LAN,LAN @ SLN,AWAY,L, SLN
LAN,LAN @ SFN,AWAY,W, SFN
LAN,LAN @ MIA,AWAY,W, MIA
LAN,LAN @ MIA,AWAY,L, MIA
LAN,LAN @ PIT,AWAY,W, PIT
LAN,LAN @ PIT,AWAY,L, PIT
LAN,LAN @ ATL,AWAY,L, ATL
LAN,LAN @ ATL,AWAY,W, ATL
LAN,LAN @ WAS,AWAY,L, WAS
LAN,LAN @ WAS,AWAY,W, WAS
LAN,LAN @ CIN,AWAY,W, CIN
LAN,LAN @ CIN,AWAY,L, CIN
LAN,LAN @ BAL,AWAY,L, BAL
LAN,LAN @ BAL,AWAY,W, BAL
LAN,LAN @ NYN,AWAY,L, NYN
LAN,LAN @ NYA,AWAY,L, NYA
LAN,LAN @ NYA,AWAY,W, NYA
LAN,LAN @ TOR,AWAY,W, TOR
LAN,LAN @ PHI,AWAY,L, PHI
LAN,LAN @ MIN,AWAY,W, MIN
LAN,LAN @ KCA,AWAY,L, KCA
LAN,LAN @ KCA,AWAY,W, KCA
LAN,LAN @ DET,AWAY,L, DET
LAN,LAN @ TEX,AWAY,L, TEX
LAN,LAN @ TBA,AWAY,W, TBA
LAN,LAN @ TBA,AWAY,L, TBA
LAN,LAN @ TOR,AWAY,L, TOR
LAN,LAN @ CLE,AWAY,W, CLE
LAN,LAN @ CLE,AWAY,L, CLE
LAN,LAN @ CHA,AWAY,W, CHA
LAN,LAN @ DET,AWAY,W, DET
LAN ,LAN .vs PIT,HOME,W, PIT
LAN ,LAN .vs SDN,HOME,W, SDN
LAN ,LAN .vs ATL,HOME,W, ATL
LAN ,LAN .vs ATL,HOME,L, ATL
LAN ,LAN .vs WAS,HOME,W, WAS
LAN ,LAN .vs SFN,HOME,W, SFN
LAN ,LAN .vs SFN,HOME,L, SFN
LAN ,LAN .vs COL,HOME,W, COL
LAN ,LAN .vs ARI,HOME,W, ARI
LAN ,LAN .vs ARI,HOME,L, ARI
LAN ,LAN .vs SLN,HOME,W, SLN
LAN ,LAN .vs HOU,HOME,L, HOU
LAN ,LAN .vs HOU,HOME,W, HOU
LAN ,LAN .vs MIL,HOME,L, MIL
LAN ,LAN .vs ANA,HOME,L, ANA
LAN ,LAN .vs ANA,HOME,W, ANA
LAN ,LAN .vs CHA,HOME,W, CHA
LAN ,LAN .vs CHA,HOME,L, CHA
LAN ,LAN .vs NYN,HOME,L, NYN
LAN ,LAN .vs NYN,HOME,W, NYN
LAN ,LAN .vs CIN,HOME,L, CIN
LAN ,LAN .vs CIN,HOME,W, CIN
LAN ,LAN .vs SDN,HOME,L, SDN
LAN ,LAN .vs PHI,HOME,L, PHI
LAN ,LAN .vs PHI,HOME,W, PHI
LAN ,LAN .vs CHN,HOME,W, CHN
LAN ,LAN .vs COL,HOME,L, COL
LAN ,LAN .vs MIA,HOME,W, MIA
LAN ,LAN .vs MIA,HOME,L, MIA
LAN ,LAN .vs SLN,HOME,L, SLN
LAN ,LAN .vs MIL,HOME,W, MIL
LAN ,LAN .vs WAS,HOME,L, WAS
LAN ,LAN .vs NYA,HOME,W, NYA
LAN ,LAN .vs NYA,HOME,L, NYA
LAN ,LAN .vs TBA,HOME,W, TBA
LAN ,LAN .vs BOS,HOME,W, BOS
LAN ,LAN .vs BOS,HOME,L, BOS
LAN ,LAN .vs CHN,HOME,L, CHN
LAN ,LAN .vs DET,HOME,W, DET
LAN ,LAN .vs DET,HOME,L, DET
LAN ,LAN .vs PIT,HOME,L, PIT
LAN ,LAN .vs CLE,HOME,W, CLE
LAN ,LAN .vs CLE,HOME,L, CLE
LAN ,LAN .vs SEA,HOME,W, SEA
LAN ,LAN .vs TEX,HOME,L, TEX
LAN ,LAN .vs TEX,HOME,W, TEX
LAN ,LAN .vs OAK,HOME,L, OAK
LAN ,LAN .vs OAK,HOME,W, OAK
LAN ,LAN .vs BAL,HOME,W, BAL
LAN ,LAN .vs BAL,HOME,L, BAL
LAN ,LAN .vs TBA,HOME,L, TBA
LAN ,LAN .vs KCA,HOME,W, KCA
LAN ,LAN .vs MIN,HOME,W, MIN
MIA,MIA @ CIN,AWAY,L, CIN
MIA,MIA @ CIN,AWAY,W, CIN
MIA,MIA @ PHI,AWAY,W, PHI
MIA,MIA @ PHI,AWAY,L, PHI
MIA,MIA @ WAS,AWAY,L, WAS
MIA,MIA @ NYN,AWAY,L, NYN
MIA,MIA @ SFN,AWAY,W, SFN
MIA,MIA @ SDN,AWAY,W, SDN
MIA,MIA @ HOU,AWAY,W, HOU
MIA,MIA @ HOU,AWAY,L, HOU
MIA,MIA @ ATL,AWAY,W, ATL
MIA,MIA @ ATL,AWAY,L, ATL
MIA,MIA @ CLE,AWAY,W, CLE
MIA,MIA @ CLE,AWAY,L, CLE
MIA,MIA @ TBA,AWAY,L, TBA
MIA,MIA @ TBA,AWAY,W, TBA
MIA,MIA @ BOS,AWAY,L, BOS
MIA,MIA @ MIL,AWAY,L, MIL
MIA,MIA @ MIL,AWAY,W, MIL
MIA,MIA @ SLN,AWAY,W, SLN
MIA,MIA @ SLN,AWAY,L, SLN
MIA,MIA @ CHN,AWAY,W, CHN
MIA,MIA @ CHN,AWAY,L, CHN
MIA,MIA @ PIT,AWAY,L, PIT
MIA,MIA @ WAS,AWAY,W, WAS
MIA,MIA @ NYN,AWAY,W, NYN
MIA,MIA @ COL,AWAY,L, COL
MIA,MIA @ COL,AWAY,W, COL
MIA,MIA @ ARI,AWAY,W, ARI
MIA,MIA @ ARI,AWAY,L, ARI
MIA,MIA @ LAN,AWAY,L, LAN
MIA,MIA @ LAN,AWAY,W, LAN
MIA,MIA @ MIN,AWAY,L, MIN
MIA,MIA @ MIN,AWAY,W, MIN
MIA,MIA @ SDN,AWAY,L, SDN
MIA,MIA @ CHA,AWAY,L, CHA
MIA,MIA @ SFN,AWAY,L, SFN
MIA,MIA @ KCA,AWAY,L, KCA
MIA,MIA @ KCA,AWAY,W, KCA
MIA,MIA @ TEX,AWAY,W, TEX
MIA,MIA @ TEX,AWAY,L, TEX
MIA,MIA @ PIT,AWAY,W, PIT
MIA,MIA @ ANA,AWAY,W, ANA
MIA,MIA @ ANA,AWAY,L, ANA
MIA,MIA @ TOR,AWAY,L, TOR
MIA,MIA @ NYA,AWAY,L, NYA
MIA,MIA @ DET,AWAY,L, DET
MIA,MIA @ SEA,AWAY,L, SEA
MIA,MIA @ SEA,AWAY,W, SEA
MIA,MIA @ OAK,AWAY,W, OAK
MIA,MIA @ OAK,AWAY,L, OAK
MIA ,MIA .vs SLN,HOME,L, SLN
MIA ,MIA .vs HOU,HOME,W, HOU
MIA ,MIA .vs HOU,HOME,L, HOU
MIA ,MIA .vs CHN,HOME,W, CHN
MIA ,MIA .vs ARI,HOME,L, ARI
MIA ,MIA .vs ARI,HOME,W, ARI
MIA ,MIA .vs NYN,HOME,W, NYN
MIA ,MIA .vs NYN,HOME,L, NYN
MIA ,MIA .vs PIT,HOME,L, PIT
MIA ,MIA .vs PIT,HOME,W, PIT
MIA ,MIA .vs COL,HOME,W, COL
MIA ,MIA .vs COL,HOME,L, COL
MIA ,MIA .vs SFN,HOME,L, SFN
MIA ,MIA .vs SFN,HOME,W, SFN
MIA ,MIA .vs WAS,HOME,W, WAS
MIA ,MIA .vs ATL,HOME,L, ATL
MIA ,MIA .vs TBA,HOME,L, TBA
MIA ,MIA .vs BOS,HOME,W, BOS
MIA ,MIA .vs BOS,HOME,L, BOS
MIA ,MIA .vs TOR,HOME,L, TOR
MIA ,MIA .vs TOR,HOME,W, TOR
MIA ,MIA .vs SLN,HOME,W, SLN
MIA ,MIA .vs PHI,HOME,W, PHI
MIA ,MIA .vs WAS,HOME,L, WAS
MIA ,MIA .vs ATL,HOME,W, ATL
MIA ,MIA .vs SDN,HOME,L, SDN
MIA ,MIA .vs SDN,HOME,W, SDN
MIA ,MIA .vs LAN,HOME,L, LAN
MIA ,MIA .vs LAN,HOME,W, LAN
MIA ,MIA .vs PHI,HOME,L, PHI
MIA ,MIA .vs MIL,HOME,W, MIL
MIA ,MIA .vs MIL,HOME,L, MIL
MIA ,MIA .vs CIN,HOME,W, CIN
MIA ,MIA .vs CIN,HOME,L, CIN
MIA ,MIA .vs CHN,HOME,L, CHN
MIA ,MIA .vs MIN,HOME,W, MIN
MIA ,MIA .vs CLE,HOME,W, CLE
MIA ,MIA .vs CLE,HOME,L, CLE
MIA ,MIA .vs DET,HOME,W, DET
MIA ,MIA .vs SEA,HOME,W, SEA
MIA ,MIA .vs TBA,HOME,W, TBA
MIA ,MIA .vs OAK,HOME,L, OAK
MIA ,MIA .vs TEX,HOME,W, TEX
MIA ,MIA .vs TEX,HOME,L, TEX
MIA ,MIA .vs BAL,HOME,L, BAL
MIA ,MIA .vs BAL,HOME,W, BAL
MIA ,MIA .vs NYA,HOME,W, NYA
MIA ,MIA .vs DET,HOME,L, DET
MIA ,MIA .vs CHA,HOME,L, CHA
MIA ,MIA .vs CHA,HOME,W, CHA
MIA ,MIA .vs KCA,HOME,L, KCA
MIA ,MIA .vs KCA,HOME,W, KCA
MIA ,MIA .vs ANA,HOME,W, ANA
MIA ,MIA .vs ANA,HOME,L, ANA
MIA ,MIA .vs OAK,HOME,W, OAK
MIL,MIL @ CHN,AWAY,W, CHN
MIL,MIL @ CHN,AWAY,L, CHN
MIL,MIL @ ATL,AWAY,L, ATL
MIL,MIL @ SLN,AWAY,L, SLN
MIL,MIL @ SLN,AWAY,W, SLN
MIL,MIL @ SDN,AWAY,W, SDN
MIL,MIL @ SDN,AWAY,L, SDN
MIL,MIL @ SFN,AWAY,W, SFN
MIL,MIL @ SFN,AWAY,L, SFN
MIL,MIL @ NYN,AWAY,L, NYN
MIL,MIL @ NYN,AWAY,W, NYN
MIL,MIL @ HOU,AWAY,L, HOU
MIL,MIL @ ARI,AWAY,W, ARI
MIL,MIL @ ARI,AWAY,L, ARI
MIL,MIL @ LAN,AWAY,W, LAN
MIL,MIL @ KCA,AWAY,L, KCA
MIL,MIL @ MIN,AWAY,W, MIN
MIL,MIL @ MIN,AWAY,L, MIN
MIL,MIL @ CHA,AWAY,W, CHA
MIL,MIL @ CHA,AWAY,L, CHA
MIL,MIL @ CIN,AWAY,L, CIN
MIL,MIL @ CIN,AWAY,W, CIN
MIL,MIL @ HOU,AWAY,W, HOU
MIL,MIL @ PHI,AWAY,L, PHI
MIL,MIL @ COL,AWAY,L, COL
MIL,MIL @ PIT,AWAY,W, PIT
MIL,MIL @ PIT,AWAY,L, PIT
MIL,MIL @ MIA,AWAY,L, MIA
MIL,MIL @ MIA,AWAY,W, MIA
MIL,MIL @ WAS,AWAY,W, WAS
MIL,MIL @ WAS,AWAY,L, WAS
MIL,MIL @ LAN,AWAY,L, LAN
MIL,MIL @ PHI,AWAY,W, PHI
MIL,MIL @ COL,AWAY,W, COL
MIL,MIL @ SEA,AWAY,W, SEA
MIL,MIL @ SEA,AWAY,L, SEA
MIL,MIL @ TEX,AWAY,W, TEX
MIL,MIL @ TEX,AWAY,L, TEX
MIL,MIL @ ATL,AWAY,W, ATL
MIL,MIL @ BOS,AWAY,W, BOS
MIL,MIL @ TOR,AWAY,L, TOR
MIL,MIL @ TBA,AWAY,L, TBA
MIL,MIL @ TBA,AWAY,W, TBA
MIL,MIL @ DET,AWAY,W, DET
MIL,MIL @ DET,AWAY,L, DET
MIL,MIL @ CLE,AWAY,L, CLE
MIL,MIL @ OAK,AWAY,L, OAK
MIL,MIL @ OAK,AWAY,W, OAK
MIL,MIL @ TOR,AWAY,W, TOR
MIL,MIL @ NYA,AWAY,W, NYA
MIL,MIL @ NYA,AWAY,L, NYA
MIL ,MIL .vs SLN,HOME,L, SLN
MIL ,MIL .vs SLN,HOME,W, SLN
MIL ,MIL .vs LAN,HOME,W, LAN
MIL ,MIL .vs LAN,HOME,L, LAN
MIL ,MIL .vs COL,HOME,L, COL
MIL ,MIL .vs COL,HOME,W, COL
MIL ,MIL .vs HOU,HOME,W, HOU
MIL ,MIL .vs HOU,HOME,L, HOU
MIL ,MIL .vs CIN,HOME,L, CIN
MIL ,MIL .vs CIN,HOME,W, CIN
MIL ,MIL .vs CHN,HOME,W, CHN
MIL ,MIL .vs CHN,HOME,L, CHN
MIL ,MIL .vs MIN,HOME,L, MIN
MIL ,MIL .vs MIN,HOME,W, MIN
MIL ,MIL .vs SFN,HOME,L, SFN
MIL ,MIL .vs SFN,HOME,W, SFN
MIL ,MIL .vs PIT,HOME,L, PIT
MIL ,MIL .vs PIT,HOME,W, PIT
MIL ,MIL .vs SDN,HOME,W, SDN
MIL ,MIL .vs SDN,HOME,L, SDN
MIL ,MIL .vs TOR,HOME,W, TOR
MIL ,MIL .vs TOR,HOME,L, TOR
MIL ,MIL .vs ARI,HOME,L, ARI
MIL ,MIL .vs ARI,HOME,W, ARI
MIL ,MIL .vs MIA,HOME,W, MIA
MIL ,MIL .vs MIA,HOME,L, MIA
MIL ,MIL .vs WAS,HOME,L, WAS
MIL ,MIL .vs WAS,HOME,W, WAS
MIL ,MIL .vs PHI,HOME,W, PHI
MIL ,MIL .vs PHI,HOME,L, PHI
MIL ,MIL .vs ATL,HOME,W, ATL
MIL ,MIL .vs NYN,HOME,L, NYN
MIL ,MIL .vs NYN,HOME,W, NYN
MIL ,MIL .vs TEX,HOME,W, TEX
MIL ,MIL .vs TEX,HOME,L, TEX
MIL ,MIL .vs OAK,HOME,L, OAK
MIL ,MIL .vs OAK,HOME,W, OAK
MIL ,MIL .vs ATL,HOME,L, ATL
MIL ,MIL .vs ANA,HOME,L, ANA
MIL ,MIL .vs NYA,HOME,L, NYA
MIL ,MIL .vs NYA,HOME,W, NYA
MIL ,MIL .vs BAL,HOME,L, BAL
MIL ,MIL .vs BAL,HOME,W, BAL
MIL ,MIL .vs CHA,HOME,W, CHA
MIL ,MIL .vs CHA,HOME,L, CHA
MIL ,MIL .vs KCA,HOME,L, KCA
MIL ,MIL .vs CLE,HOME,W, CLE
MIL ,MIL .vs CLE,HOME,L, CLE
MIL ,MIL .vs ANA,HOME,W, ANA
MIL ,MIL .vs BOS,HOME,W, BOS
MIL ,MIL .vs BOS,HOME,L, BOS
MIN,MIN @ BAL,AWAY,L, BAL
MIN,MIN @ NYA,AWAY,W, NYA
MIN,MIN @ NYA,AWAY,L, NYA
MIN,MIN @ TBA,AWAY,W, TBA
MIN,MIN @ TBA,AWAY,L, TBA
MIN,MIN @ ANA,AWAY,L, ANA
MIN,MIN @ SEA,AWAY,W, SEA
MIN,MIN @ SEA,AWAY,L, SEA
MIN,MIN @ DET,AWAY,W, DET
MIN,MIN @ MIL,AWAY,W, MIL
MIN,MIN @ MIL,AWAY,L, MIL
MIN,MIN @ CHA,AWAY,W, CHA
MIN,MIN @ CHA,AWAY,L, CHA
MIN,MIN @ CLE,AWAY,L, CLE
MIN,MIN @ CLE,AWAY,W, CLE
MIN,MIN @ KCA,AWAY,W, KCA
MIN,MIN @ KCA,AWAY,L, KCA
MIN,MIN @ PIT,AWAY,L, PIT
MIN,MIN @ PIT,AWAY,W, PIT
MIN,MIN @ CIN,AWAY,W, CIN
MIN,MIN @ CIN,AWAY,L, CIN
MIN,MIN @ DET,AWAY,L, DET
MIN,MIN @ TEX,AWAY,W, TEX
MIN,MIN @ TEX,AWAY,L, TEX
MIN,MIN @ BOS,AWAY,W, BOS
MIN,MIN @ BOS,AWAY,L, BOS
MIN,MIN @ OAK,AWAY,W, OAK
MIN,MIN @ OAK,AWAY,L, OAK
MIN,MIN @ TOR,AWAY,L, TOR
MIN,MIN @ BAL,AWAY,W, BAL
MIN,MIN @ ATL,AWAY,L, ATL
MIN,MIN @ WAS,AWAY,W, WAS
MIN,MIN @ WAS,AWAY,L, WAS
MIN,MIN @ MIA,AWAY,L, MIA
MIN,MIN @ TOR,AWAY,W, TOR
MIN,MIN @ ANA,AWAY,W, ANA
MIN,MIN @ HOU,AWAY,W, HOU
MIN,MIN @ HOU,AWAY,L, HOU
MIN,MIN @ SDN,AWAY,W, SDN
MIN,MIN @ SFN,AWAY,L, SFN
MIN,MIN @ COL,AWAY,L, COL
MIN,MIN @ COL,AWAY,W, COL
MIN,MIN @ SLN,AWAY,L, SLN
MIN,MIN @ ATL,AWAY,W, ATL
MIN,MIN @ NYN,AWAY,L, NYN
MIN,MIN @ SFN,AWAY,W, SFN
MIN,MIN @ LAN,AWAY,L, LAN
MIN,MIN @ SDN,AWAY,L, SDN
MIN ,MIN .vs ANA,HOME,L, ANA
MIN ,MIN .vs ANA,HOME,W, ANA
MIN ,MIN .vs TEX,HOME,L, TEX
MIN ,MIN .vs BOS,HOME,L, BOS
MIN ,MIN .vs KCA,HOME,L, KCA
MIN ,MIN .vs KCA,HOME,W, KCA
MIN ,MIN .vs TOR,HOME,L, TOR
MIN ,MIN .vs TOR,HOME,W, TOR
MIN ,MIN .vs CLE,HOME,L, CLE
MIN ,MIN .vs DET,HOME,L, DET
MIN ,MIN .vs OAK,HOME,W, OAK
MIN ,MIN .vs CHN,HOME,W, CHN
MIN ,MIN .vs CHN,HOME,L, CHN
MIN ,MIN .vs PHI,HOME,W, PHI
MIN ,MIN .vs PHI,HOME,L, PHI
MIN ,MIN .vs MIL,HOME,L, MIL
MIN ,MIN .vs MIL,HOME,W, MIL
MIN ,MIN .vs CHA,HOME,W, CHA
MIN ,MIN .vs CHA,HOME,L, CHA
MIN ,MIN .vs OAK,HOME,L, OAK
MIN ,MIN .vs BAL,HOME,W, BAL
MIN ,MIN .vs BAL,HOME,L, BAL
MIN ,MIN .vs CLE,HOME,W, CLE
MIN ,MIN .vs TBA,HOME,L, TBA
MIN ,MIN .vs DET,HOME,W, DET
MIN ,MIN .vs SEA,HOME,L, SEA
MIN ,MIN .vs SEA,HOME,W, SEA
MIN ,MIN .vs NYA,HOME,L, NYA
MIN ,MIN .vs NYA,HOME,W, NYA
MIN ,MIN .vs NYN,HOME,L, NYN
MIN ,MIN .vs MIA,HOME,W, MIA
MIN ,MIN .vs MIA,HOME,L, MIA
MIN ,MIN .vs TEX,HOME,W, TEX
MIN ,MIN .vs HOU,HOME,W, HOU
MIN ,MIN .vs TBA,HOME,W, TBA
MIN ,MIN .vs LAN,HOME,L, LAN
MIN ,MIN .vs BOS,HOME,W, BOS
MIN ,MIN .vs HOU,HOME,L, HOU
MIN ,MIN .vs SDN,HOME,W, SDN
MIN ,MIN .vs SDN,HOME,L, SDN
MIN ,MIN .vs ARI,HOME,L, ARI
MIN ,MIN .vs ARI,HOME,W, ARI
MIN ,MIN .vs SLN,HOME,W, SLN
MIN ,MIN .vs PIT,HOME,L, PIT
MIN ,MIN .vs ATL,HOME,L, ATL
MIN ,MIN .vs COL,HOME,L, COL
MIN ,MIN .vs COL,HOME,W, COL
NYA,NYA @ TBA,AWAY,L, TBA
NYA,NYA @ BAL,AWAY,W, BAL
NYA,NYA @ BOS,AWAY,W, BOS
NYA,NYA @ TEX,AWAY,W, TEX
NYA,NYA @ TEX,AWAY,L, TEX
NYA,NYA @ KCA,AWAY,L, KCA
NYA,NYA @ KCA,AWAY,W, KCA
NYA,NYA @ BAL,AWAY,L, BAL
NYA,NYA @ TOR,AWAY,L, TOR
NYA,NYA @ OAK,AWAY,W, OAK
NYA,NYA @ ANA,AWAY,L, ANA
NYA,NYA @ ANA,AWAY,W, ANA
NYA,NYA @ DET,AWAY,W, DET
NYA,NYA @ DET,AWAY,L, DET
NYA,NYA @ ATL,AWAY,W, ATL
NYA,NYA @ WAS,AWAY,W, WAS
NYA,NYA @ NYN,AWAY,L, NYN
NYA,NYA @ NYN,AWAY,W, NYN
NYA,NYA @ TBA,AWAY,W, TBA
NYA,NYA @ BOS,AWAY,L, BOS
NYA,NYA @ OAK,AWAY,L, OAK
NYA,NYA @ SEA,AWAY,W, SEA
NYA,NYA @ SEA,AWAY,L, SEA
NYA,NYA @ TOR,AWAY,W, TOR
NYA,NYA @ CHA,AWAY,L, CHA
NYA,NYA @ CLE,AWAY,W, CLE
NYA,NYA @ CLE,AWAY,L, CLE
NYA,NYA @ MIN,AWAY,W, MIN
NYA,NYA @ MIN,AWAY,L, MIN
NYA,NYA @ COL,AWAY,L, COL
NYA,NYA @ COL,AWAY,W, COL
NYA,NYA @ LAN,AWAY,L, LAN
NYA,NYA @ LAN,AWAY,W, LAN
NYA,NYA @ SDN,AWAY,L, SDN
NYA,NYA @ SDN,AWAY,W, SDN
NYA,NYA @ HOU,AWAY,W, HOU
NYA,NYA @ HOU,AWAY,L, HOU
NYA,NYA @ MIL,AWAY,W, MIL
NYA,NYA @ MIL,AWAY,L, MIL
NYA,NYA @ CHN,AWAY,L, CHN
NYA,NYA @ CHN,AWAY,W, CHN
NYA,NYA @ CHA,AWAY,W, CHA
NYA,NYA @ SLN,AWAY,W, SLN
NYA,NYA @ SLN,AWAY,L, SLN
NYA,NYA @ WAS,AWAY,L, WAS
NYA,NYA @ MIA,AWAY,L, MIA
NYA,NYA @ ARI,AWAY,L, ARI
NYA,NYA @ ARI,AWAY,W, ARI
NYA,NYA @ PIT,AWAY,L, PIT
NYA,NYA @ PIT,AWAY,W, PIT
NYA,NYA @ CIN,AWAY,W, CIN
NYA,NYA @ CIN,AWAY,L, CIN
NYA ,NYA .vs ANA,HOME,W, ANA
NYA ,NYA .vs ANA,HOME,L, ANA
NYA ,NYA .vs MIN,HOME,L, MIN
NYA ,NYA .vs MIN,HOME,W, MIN
NYA ,NYA .vs DET,HOME,W, DET
NYA ,NYA .vs DET,HOME,L, DET
NYA ,NYA .vs BAL,HOME,W, BAL
NYA ,NYA .vs BAL,HOME,L, BAL
NYA ,NYA .vs TBA,HOME,W, TBA
NYA ,NYA .vs TBA,HOME,L, TBA
NYA ,NYA .vs SEA,HOME,W, SEA
NYA ,NYA .vs SEA,HOME,L, SEA
NYA ,NYA .vs CIN,HOME,W, CIN
NYA ,NYA .vs CIN,HOME,L, CIN
NYA ,NYA .vs KCA,HOME,L, KCA
NYA ,NYA .vs KCA,HOME,W, KCA
NYA ,NYA .vs NYN,HOME,W, NYN
NYA ,NYA .vs ATL,HOME,W, ATL
NYA ,NYA .vs ATL,HOME,L, ATL
NYA ,NYA .vs CLE,HOME,W, CLE
NYA ,NYA .vs CHA,HOME,L, CHA
NYA ,NYA .vs CHA,HOME,W, CHA
NYA ,NYA .vs TOR,HOME,W, TOR
NYA ,NYA .vs BOS,HOME,W, BOS
NYA ,NYA .vs BOS,HOME,L, BOS
NYA ,NYA .vs TEX,HOME,W, TEX
NYA ,NYA .vs TEX,HOME,L, TEX
NYA ,NYA .vs TOR,HOME,L, TOR
NYA ,NYA .vs OAK,HOME,W, OAK
NYA ,NYA .vs OAK,HOME,L, OAK
NYA ,NYA .vs ARI,HOME,W, ARI
NYA ,NYA .vs ARI,HOME,L, ARI
NYA ,NYA .vs HOU,HOME,L, HOU
NYA ,NYA .vs HOU,HOME,W, HOU
NYA ,NYA .vs NYN,HOME,L, NYN
NYA ,NYA .vs LAN,HOME,W, LAN
NYA ,NYA .vs LAN,HOME,L, LAN
NYA ,NYA .vs SFN,HOME,W, SFN
NYA ,NYA .vs SFN,HOME,L, SFN
NYA ,NYA .vs CHN,HOME,W, CHN
NYA ,NYA .vs PIT,HOME,W, PIT
NYA ,NYA .vs PIT,HOME,L, PIT
NYA ,NYA .vs CLE,HOME,L, CLE
NYA ,NYA .vs WAS,HOME,W, WAS
NYA ,NYA .vs WAS,HOME,L, WAS
NYA ,NYA .vs MIA,HOME,W, MIA
NYA ,NYA .vs PHI,HOME,L, PHI
NYA ,NYA .vs PHI,HOME,W, PHI
NYA ,NYA .vs COL,HOME,L, COL
NYA ,NYA .vs COL,HOME,W, COL
NYA ,NYA .vs SLN,HOME,W, SLN
NYA ,NYA .vs MIL,HOME,L, MIL
NYA ,NYA .vs MIL,HOME,W, MIL
NYN,NYN @ PHI,AWAY,W, PHI
NYN,NYN @ PHI,AWAY,L, PHI
NYN,NYN @ ATL,AWAY,W, ATL
NYN,NYN @ ATL,AWAY,L, ATL
NYN,NYN @ COL,AWAY,L, COL
NYN,NYN @ COL,AWAY,W, COL
NYN,NYN @ HOU,AWAY,L, HOU
NYN,NYN @ MIA,AWAY,L, MIA
NYN,NYN @ MIA,AWAY,W, MIA
NYN,NYN @ TOR,AWAY,L, TOR
NYN,NYN @ TOR,AWAY,W, TOR
NYN,NYN @ PIT,AWAY,L, PIT
NYN,NYN @ PIT,AWAY,W, PIT
NYN,NYN @ WAS,AWAY,L, WAS
NYN,NYN @ WAS,AWAY,W, WAS
NYN,NYN @ NYA,AWAY,L, NYA
NYN,NYN @ TBA,AWAY,W, TBA
NYN,NYN @ CHN,AWAY,L, CHN
NYN,NYN @ CHN,AWAY,W, CHN
NYN,NYN @ LAN,AWAY,W, LAN
NYN,NYN @ LAN,AWAY,L, LAN
NYN,NYN @ ARI,AWAY,W, ARI
NYN,NYN @ ARI,AWAY,L, ARI
NYN,NYN @ SFN,AWAY,W, SFN
NYN,NYN @ SFN,AWAY,L, SFN
NYN,NYN @ SDN,AWAY,L, SDN
NYN,NYN @ SDN,AWAY,W, SDN
NYN,NYN @ CIN,AWAY,L, CIN
NYN,NYN @ CIN,AWAY,W, CIN
NYN,NYN @ SLN,AWAY,L, SLN
NYN,NYN @ SLN,AWAY,W, SLN
NYN,NYN @ MIL,AWAY,W, MIL
NYN,NYN @ MIL,AWAY,L, MIL
NYN,NYN @ MIN,AWAY,W, MIN
NYN,NYN @ NYA,AWAY,W, NYA
NYN,NYN @ CHA,AWAY,L, CHA
NYN,NYN @ CHA,AWAY,W, CHA
NYN,NYN @ CLE,AWAY,L, CLE
NYN,NYN @ CLE,AWAY,W, CLE
NYN,NYN @ ANA,AWAY,L, ANA
NYN,NYN @ ANA,AWAY,W, ANA
NYN,NYN @ SEA,AWAY,L, SEA
NYN,NYN @ SEA,AWAY,W, SEA
NYN,NYN @ OAK,AWAY,L, OAK
NYN,NYN @ OAK,AWAY,W, OAK
NYN,NYN @ TBA,AWAY,L, TBA
NYN,NYN @ BAL,AWAY,W, BAL
NYN,NYN @ BAL,AWAY,L, BAL
NYN,NYN @ KCA,AWAY,L, KCA
NYN,NYN @ KCA,AWAY,W, KCA
NYN,NYN @ DET,AWAY,L, DET
NYN,NYN @ DET,AWAY,W, DET
NYN,NYN @ TEX,AWAY,L, TEX
NYN,NYN @ TEX,AWAY,W, TEX
NYN ,NYN .vs ATL,HOME,W, ATL
NYN ,NYN .vs WAS,HOME,W, WAS
NYN ,NYN .vs WAS,HOME,L, WAS
NYN ,NYN .vs SFN,HOME,L, SFN
NYN ,NYN .vs SFN,HOME,W, SFN
NYN ,NYN .vs MIA,HOME,W, MIA
NYN ,NYN .vs ARI,HOME,L, ARI
NYN ,NYN .vs ARI,HOME,W, ARI
NYN ,NYN .vs MIL,HOME,W, MIL
NYN ,NYN .vs MIL,HOME,L, MIL
NYN ,NYN .vs CIN,HOME,L, CIN
NYN ,NYN .vs CIN,HOME,W, CIN
NYN ,NYN .vs SDN,HOME,L, SDN
NYN ,NYN .vs SDN,HOME,W, SDN
NYN ,NYN .vs PHI,HOME,L, PHI
NYN ,NYN .vs PHI,HOME,W, PHI
NYN ,NYN .vs SLN,HOME,W, SLN
NYN ,NYN .vs SLN,HOME,L, SLN
NYN ,NYN .vs BAL,HOME,W, BAL
NYN ,NYN .vs NYA,HOME,W, NYA
NYN ,NYN .vs NYA,HOME,L, NYA
NYN ,NYN .vs CHN,HOME,L, CHN
NYN ,NYN .vs CHN,HOME,W, CHN
NYN ,NYN .vs LAN,HOME,L, LAN
NYN ,NYN .vs MIA,HOME,L, MIA
NYN ,NYN .vs ATL,HOME,L, ATL
NYN ,NYN .vs COL,HOME,L, COL
NYN ,NYN .vs HOU,HOME,L, HOU
NYN ,NYN .vs HOU,HOME,W, HOU
NYN ,NYN .vs PIT,HOME,W, PIT
NYN ,NYN .vs PIT,HOME,L, PIT
NYN ,NYN .vs LAN,HOME,W, LAN
NYN ,NYN .vs CHA,HOME,W, CHA
NYN ,NYN .vs CHA,HOME,L, CHA
NYN ,NYN .vs KCA,HOME,W, KCA
NYN ,NYN .vs KCA,HOME,L, KCA
NYN ,NYN .vs COL,HOME,W, COL
NYN ,NYN .vs DET,HOME,L, DET
NYN ,NYN .vs OAK,HOME,W, OAK
NYN ,NYN .vs OAK,HOME,L, OAK
NYN ,NYN .vs TEX,HOME,W, TEX
NYN ,NYN .vs TEX,HOME,L, TEX
NYN ,NYN .vs TOR,HOME,W, TOR
NYN ,NYN .vs BOS,HOME,L, BOS
NYN ,NYN .vs BOS,HOME,W, BOS
NYN ,NYN .vs MIN,HOME,W, MIN
NYN ,NYN .vs ANA,HOME,W, ANA
NYN ,NYN .vs ANA,HOME,L, ANA
OAK,OAK @ SEA,AWAY,W, SEA
OAK,OAK @ SEA,AWAY,L, SEA
OAK,OAK @ ANA,AWAY,L, ANA
OAK,OAK @ ANA,AWAY,W, ANA
OAK,OAK @ BAL,AWAY,W, BAL
OAK,OAK @ BAL,AWAY,L, BAL
OAK,OAK @ BOS,AWAY,L, BOS
OAK,OAK @ BOS,AWAY,W, BOS
OAK,OAK @ TBA,AWAY,L, TBA
OAK,OAK @ TBA,AWAY,W, TBA
OAK,OAK @ TEX,AWAY,L, TEX
OAK,OAK @ TEX,AWAY,W, TEX
OAK,OAK @ SFN,AWAY,L, SFN
OAK,OAK @ SFN,AWAY,W, SFN
OAK,OAK @ MIN,AWAY,L, MIN
OAK,OAK @ KCA,AWAY,L, KCA
OAK,OAK @ KCA,AWAY,W, KCA
OAK,OAK @ ARI,AWAY,L, ARI
OAK,OAK @ COL,AWAY,W, COL
OAK,OAK @ MIN,AWAY,W, MIN
OAK,OAK @ TOR,AWAY,W, TOR
OAK,OAK @ TOR,AWAY,L, TOR
OAK,OAK @ CHA,AWAY,L, CHA
OAK,OAK @ CHA,AWAY,W, CHA
OAK,OAK @ CLE,AWAY,W, CLE
OAK,OAK @ DET,AWAY,L, DET
OAK,OAK @ DET,AWAY,W, DET
OAK,OAK @ NYA,AWAY,L, NYA
OAK,OAK @ NYA,AWAY,W, NYA
OAK,OAK @ HOU,AWAY,W, HOU
OAK,OAK @ CLE,AWAY,L, CLE
OAK,OAK @ MIL,AWAY,W, MIL
OAK,OAK @ MIL,AWAY,L, MIL
OAK,OAK @ PIT,AWAY,W, PIT
OAK,OAK @ PIT,AWAY,L, PIT
OAK,OAK @ HOU,AWAY,L, HOU
OAK,OAK @ CIN,AWAY,L, CIN
OAK,OAK @ NYN,AWAY,L, NYN
OAK,OAK @ NYN,AWAY,W, NYN
OAK,OAK @ MIA,AWAY,W, MIA
OAK,OAK @ ATL,AWAY,L, ATL
OAK,OAK @ SDN,AWAY,W, SDN
OAK,OAK @ LAN,AWAY,W, LAN
OAK,OAK @ LAN,AWAY,L, LAN
OAK,OAK @ ARI,AWAY,W, ARI
OAK,OAK @ CIN,AWAY,W, CIN
OAK,OAK @ SLN,AWAY,L, SLN
OAK,OAK @ SLN,AWAY,W, SLN
OAK,OAK @ MIA,AWAY,L, MIA
OAK,OAK @ PHI,AWAY,W, PHI
OAK,OAK @ PHI,AWAY,L, PHI
OAK ,OAK .vs SEA,HOME,L, SEA
OAK ,OAK .vs SEA,HOME,W, SEA
OAK ,OAK .vs KCA,HOME,W, KCA
OAK ,OAK .vs KCA,HOME,L, KCA
OAK ,OAK .vs CLE,HOME,L, CLE
OAK ,OAK .vs CLE,HOME,W, CLE
OAK ,OAK .vs CHA,HOME,L, CHA
OAK ,OAK .vs CHA,HOME,W, CHA
OAK ,OAK .vs TOR,HOME,W, TOR
OAK ,OAK .vs TOR,HOME,L, TOR
OAK ,OAK .vs DET,HOME,L, DET
OAK ,OAK .vs DET,HOME,W, DET
OAK ,OAK .vs ANA,HOME,W, ANA
OAK ,OAK .vs ANA,HOME,L, ANA
OAK ,OAK .vs NYA,HOME,L, NYA
OAK ,OAK .vs TEX,HOME,W, TEX
OAK ,OAK .vs TEX,HOME,L, TEX
OAK ,OAK .vs SDN,HOME,W, SDN
OAK ,OAK .vs SDN,HOME,L, SDN
OAK ,OAK .vs LAN,HOME,W, LAN
OAK ,OAK .vs SFN,HOME,L, SFN
OAK ,OAK .vs SFN,HOME,W, SFN
OAK ,OAK .vs BOS,HOME,W, BOS
OAK ,OAK .vs NYA,HOME,W, NYA
OAK ,OAK .vs TBA,HOME,W, TBA
OAK ,OAK .vs TBA,HOME,L, TBA
OAK ,OAK .vs MIN,HOME,L, MIN
OAK ,OAK .vs MIN,HOME,W, MIN
OAK ,OAK .vs BAL,HOME,W, BAL
OAK ,OAK .vs BAL,HOME,L, BAL
OAK ,OAK .vs HOU,HOME,W, HOU
OAK ,OAK .vs CIN,HOME,W, CIN
OAK ,OAK .vs SLN,HOME,W, SLN
OAK ,OAK .vs SLN,HOME,L, SLN
OAK ,OAK .vs CHN,HOME,W, CHN
OAK ,OAK .vs CHN,HOME,L, CHN
OAK ,OAK .vs BOS,HOME,L, BOS
OAK ,OAK .vs HOU,HOME,L, HOU
OAK ,OAK .vs WAS,HOME,W, WAS
OAK ,OAK .vs NYN,HOME,W, NYN
OAK ,OAK .vs NYN,HOME,L, NYN
OAK ,OAK .vs PHI,HOME,W, PHI
OAK ,OAK .vs PHI,HOME,L, PHI
OAK ,OAK .vs COL,HOME,W, COL
OAK ,OAK .vs COL,HOME,L, COL
OAK ,OAK .vs MIL,HOME,W, MIL
OAK ,OAK .vs MIL,HOME,L, MIL
OAK ,OAK .vs PIT,HOME,L, PIT
OAK ,OAK .vs MIA,HOME,L, MIA
OAK ,OAK .vs MIA,HOME,W, MIA
OAK ,OAK .vs WAS,HOME,L, WAS
OAK ,OAK .vs ATL,HOME,L, ATL
PHI,PHI @ PIT,AWAY,W, PIT
PHI,PHI @ PIT,AWAY,L, PIT
PHI,PHI @ SFN,AWAY,W, SFN
PHI,PHI @ SFN,AWAY,L, SFN
PHI,PHI @ SDN,AWAY,W, SDN
PHI,PHI @ SDN,AWAY,L, SDN
PHI,PHI @ ARI,AWAY,L, ARI
PHI,PHI @ ARI,AWAY,W, ARI
PHI,PHI @ ATL,AWAY,W, ATL
PHI,PHI @ ATL,AWAY,L, ATL
PHI,PHI @ WAS,AWAY,L, WAS
PHI,PHI @ WAS,AWAY,W, WAS
PHI,PHI @ CHN,AWAY,W, CHN
PHI,PHI @ SLN,AWAY,W, SLN
PHI,PHI @ SLN,AWAY,L, SLN
PHI,PHI @ NYN,AWAY,W, NYN
PHI,PHI @ NYN,AWAY,L, NYN
PHI,PHI @ BAL,AWAY,W, BAL
PHI,PHI @ BAL,AWAY,L, BAL
PHI,PHI @ MIN,AWAY,L, MIN
PHI,PHI @ MIN,AWAY,W, MIN
PHI,PHI @ TOR,AWAY,L, TOR
PHI,PHI @ MIA,AWAY,L, MIA
PHI,PHI @ COL,AWAY,L, COL
PHI,PHI @ COL,AWAY,W, COL
PHI,PHI @ LAN,AWAY,W, LAN
PHI,PHI @ LAN,AWAY,L, LAN
PHI,PHI @ MIA,AWAY,W, MIA
PHI,PHI @ MIL,AWAY,L, MIL
PHI,PHI @ MIL,AWAY,W, MIL
PHI,PHI @ CIN,AWAY,W, CIN
PHI,PHI @ CIN,AWAY,L, CIN
PHI,PHI @ HOU,AWAY,L, HOU
PHI,PHI @ HOU,AWAY,W, HOU
PHI,PHI @ CLE,AWAY,L, CLE
PHI,PHI @ BOS,AWAY,L, BOS
PHI,PHI @ BOS,AWAY,W, BOS
PHI,PHI @ DET,AWAY,L, DET
PHI,PHI @ CHN,AWAY,L, CHN
PHI,PHI @ TEX,AWAY,W, TEX
PHI,PHI @ TEX,AWAY,L, TEX
PHI,PHI @ ANA,AWAY,L, ANA
PHI,PHI @ OAK,AWAY,L, OAK
PHI,PHI @ OAK,AWAY,W, OAK
PHI,PHI @ NYA,AWAY,W, NYA
PHI,PHI @ NYA,AWAY,L, NYA
PHI,PHI @ TOR,AWAY,W, TOR
PHI,PHI @ DET,AWAY,W, DET
PHI,PHI @ CHA,AWAY,L, CHA
PHI,PHI @ CHA,AWAY,W, CHA
PHI,PHI @ SEA,AWAY,W, SEA
PHI ,PHI .vs MIA,HOME,L, MIA
PHI ,PHI .vs MIA,HOME,W, MIA
PHI ,PHI .vs NYN,HOME,L, NYN
PHI ,PHI .vs NYN,HOME,W, NYN
PHI ,PHI .vs CHN,HOME,L, CHN
PHI ,PHI .vs CHN,HOME,W, CHN
PHI ,PHI .vs SDN,HOME,W, SDN
PHI ,PHI .vs SDN,HOME,L, SDN
PHI ,PHI .vs HOU,HOME,W, HOU
PHI ,PHI .vs BOS,HOME,W, BOS
PHI ,PHI .vs BOS,HOME,L, BOS
PHI ,PHI .vs WAS,HOME,L, WAS
PHI ,PHI .vs WAS,HOME,W, WAS
PHI ,PHI .vs LAN,HOME,L, LAN
PHI ,PHI .vs COL,HOME,W, COL
PHI ,PHI .vs COL,HOME,L, COL
PHI ,PHI .vs TBA,HOME,W, TBA
PHI ,PHI .vs TBA,HOME,L, TBA
PHI ,PHI .vs PIT,HOME,W, PIT
PHI ,PHI .vs PIT,HOME,L, PIT
PHI ,PHI .vs ATL,HOME,L, ATL
PHI ,PHI .vs SFN,HOME,L, SFN
PHI ,PHI .vs SFN,HOME,W, SFN
PHI ,PHI .vs MIL,HOME,W, MIL
PHI ,PHI .vs ARI,HOME,L, ARI
PHI ,PHI .vs ARI,HOME,W, ARI
PHI ,PHI .vs ATL,HOME,W, ATL
PHI ,PHI .vs SLN,HOME,W, SLN
PHI ,PHI .vs SLN,HOME,L, SLN
PHI ,PHI .vs CIN,HOME,W, CIN
PHI ,PHI .vs CIN,HOME,L, CIN
PHI ,PHI .vs KCA,HOME,L, KCA
PHI ,PHI .vs KCA,HOME,W, KCA
PHI ,PHI .vs CLE,HOME,W, CLE
PHI ,PHI .vs CLE,HOME,L, CLE
PHI ,PHI .vs MIL,HOME,L, MIL
PHI ,PHI .vs CHA,HOME,L, CHA
PHI ,PHI .vs CHA,HOME,W, CHA
PHI ,PHI .vs LAN,HOME,W, LAN
PHI ,PHI .vs TOR,HOME,L, TOR
PHI ,PHI .vs ANA,HOME,L, ANA
PHI ,PHI .vs SEA,HOME,W, SEA
PHI ,PHI .vs SEA,HOME,L, SEA
PHI ,PHI .vs BAL,HOME,L, BAL
PHI ,PHI .vs BAL,HOME,W, BAL
PHI ,PHI .vs TOR,HOME,W, TOR
PHI ,PHI .vs HOU,HOME,L, HOU
PHI ,PHI .vs OAK,HOME,L, OAK
PHI ,PHI .vs OAK,HOME,W, OAK
PIT,PIT @ LAN,AWAY,L, LAN
PIT,PIT @ SFN,AWAY,L, SFN
PIT,PIT @ SFN,AWAY,W, SFN
PIT,PIT @ ARI,AWAY,L, ARI
PIT,PIT @ ARI,AWAY,W, ARI
PIT,PIT @ ATL,AWAY,L, ATL
PIT,PIT @ ATL,AWAY,W, ATL
PIT,PIT @ SLN,AWAY,L, SLN
PIT,PIT @ SLN,AWAY,W, SLN
PIT,PIT @ MIA,AWAY,W, MIA
PIT,PIT @ MIA,AWAY,L, MIA
PIT,PIT @ WAS,AWAY,L, WAS
PIT,PIT @ WAS,AWAY,W, WAS
PIT,PIT @ DET,AWAY,L, DET
PIT,PIT @ DET,AWAY,W, DET
PIT,PIT @ MIL,AWAY,W, MIL
PIT,PIT @ MIL,AWAY,L, MIL
PIT,PIT @ CIN,AWAY,W, CIN
PIT,PIT @ CIN,AWAY,L, CIN
PIT,PIT @ BAL,AWAY,L, BAL
PIT,PIT @ CLE,AWAY,L, CLE
PIT,PIT @ CLE,AWAY,W, CLE
PIT,PIT @ PHI,AWAY,L, PHI
PIT,PIT @ PHI,AWAY,W, PHI
PIT,PIT @ COL,AWAY,L, COL
PIT,PIT @ COL,AWAY,W, COL
PIT,PIT @ HOU,AWAY,W, HOU
PIT,PIT @ HOU,AWAY,L, HOU
PIT,PIT @ CHN,AWAY,L, CHN
PIT,PIT @ CHN,AWAY,W, CHN
PIT,PIT @ SDN,AWAY,L, SDN
PIT,PIT @ NYN,AWAY,L, NYN
PIT,PIT @ NYN,AWAY,W, NYN
PIT,PIT @ ANA,AWAY,W, ANA
PIT,PIT @ SEA,AWAY,W, SEA
PIT,PIT @ SDN,AWAY,W, SDN
PIT,PIT @ TEX,AWAY,W, TEX
PIT,PIT @ NYA,AWAY,L, NYA
PIT,PIT @ NYA,AWAY,W, NYA
PIT,PIT @ LAN,AWAY,W, LAN
PIT,PIT @ TBA,AWAY,W, TBA
PIT,PIT @ TBA,AWAY,L, TBA
PIT,PIT @ CHA,AWAY,W, CHA
PIT,PIT @ KCA,AWAY,W, KCA
PIT,PIT @ KCA,AWAY,L, KCA
PIT,PIT @ MIN,AWAY,W, MIN
PIT,PIT @ TEX,AWAY,L, TEX
PIT,PIT @ SEA,AWAY,L, SEA
PIT,PIT @ OAK,AWAY,W, OAK
PIT,PIT @ BOS,AWAY,L, BOS
PIT,PIT @ TOR,AWAY,W, TOR
PIT,PIT @ TOR,AWAY,L, TOR
PIT ,PIT .vs PHI,HOME,L, PHI
PIT ,PIT .vs PHI,HOME,W, PHI
PIT ,PIT .vs SLN,HOME,L, SLN
PIT ,PIT .vs SLN,HOME,W, SLN
PIT ,PIT .vs COL,HOME,W, COL
PIT ,PIT .vs COL,HOME,L, COL
PIT ,PIT .vs CIN,HOME,L, CIN
PIT ,PIT .vs CIN,HOME,W, CIN
PIT ,PIT .vs WAS,HOME,W, WAS
PIT ,PIT .vs WAS,HOME,L, WAS
PIT ,PIT .vs HOU,HOME,L, HOU
PIT ,PIT .vs HOU,HOME,W, HOU
PIT ,PIT .vs NYN,HOME,W, NYN
PIT ,PIT .vs NYN,HOME,L, NYN
PIT ,PIT .vs CHN,HOME,W, CHN
PIT ,PIT .vs KCA,HOME,W, KCA
PIT ,PIT .vs MIN,HOME,W, MIN
PIT ,PIT .vs MIN,HOME,L, MIN
PIT ,PIT .vs DET,HOME,W, DET
PIT ,PIT .vs DET,HOME,L, DET
PIT ,PIT .vs SFN,HOME,L, SFN
PIT ,PIT .vs SFN,HOME,W, SFN
PIT ,PIT .vs MIA,HOME,W, MIA
PIT ,PIT .vs CHN,HOME,L, CHN
PIT ,PIT .vs ARI,HOME,W, ARI
PIT ,PIT .vs ARI,HOME,L, ARI
PIT ,PIT .vs SDN,HOME,L, SDN
PIT ,PIT .vs SDN,HOME,W, SDN
PIT ,PIT .vs LAN,HOME,L, LAN
PIT ,PIT .vs LAN,HOME,W, LAN
PIT ,PIT .vs MIL,HOME,L, MIL
PIT ,PIT .vs MIL,HOME,W, MIL
PIT ,PIT .vs ATL,HOME,W, ATL
PIT ,PIT .vs ATL,HOME,L, ATL
PIT ,PIT .vs SEA,HOME,W, SEA
PIT ,PIT .vs SEA,HOME,L, SEA
PIT ,PIT .vs OAK,HOME,L, OAK
PIT ,PIT .vs OAK,HOME,W, OAK
PIT ,PIT .vs TOR,HOME,W, TOR
PIT ,PIT .vs TOR,HOME,L, TOR
PIT ,PIT .vs BAL,HOME,L, BAL
PIT ,PIT .vs BAL,HOME,W, BAL
PIT ,PIT .vs MIA,HOME,L, MIA
PIT ,PIT .vs BOS,HOME,W, BOS
PIT ,PIT .vs CHA,HOME,W, CHA
PIT ,PIT .vs CLE,HOME,L, CLE
PIT ,PIT .vs CLE,HOME,W, CLE
PIT ,PIT .vs ANA,HOME,L, ANA
PIT ,PIT .vs ANA,HOME,W, ANA
PIT ,PIT .vs NYA,HOME,W, NYA
PIT ,PIT .vs NYA,HOME,L, NYA
PIT ,PIT .vs TBA,HOME,L, TBA
PIT ,PIT .vs TBA,HOME,W, TBA
SDN,SDN @ LAN,AWAY,L, LAN
SDN,SDN @ COL,AWAY,W, COL
SDN,SDN @ COL,AWAY,L, COL
SDN,SDN @ SFN,AWAY,W, SFN
SDN,SDN @ SFN,AWAY,L, SFN
SDN,SDN @ PHI,AWAY,L, PHI
SDN,SDN @ PHI,AWAY,W, PHI
SDN,SDN @ WAS,AWAY,L, WAS
SDN,SDN @ WAS,AWAY,W, WAS
SDN,SDN @ SLN,AWAY,L, SLN
SDN,SDN @ NYN,AWAY,W, NYN
SDN,SDN @ NYN,AWAY,L, NYN
SDN,SDN @ CHN,AWAY,L, CHN
SDN,SDN @ MIL,AWAY,L, MIL
SDN,SDN @ MIL,AWAY,W, MIL
SDN,SDN @ SEA,AWAY,W, SEA
SDN,SDN @ OAK,AWAY,L, OAK
SDN,SDN @ OAK,AWAY,W, OAK
SDN,SDN @ HOU,AWAY,W, HOU
SDN,SDN @ HOU,AWAY,L, HOU
SDN,SDN @ ARI,AWAY,W, ARI
SDN,SDN @ LAN,AWAY,W, LAN
SDN,SDN @ MIA,AWAY,W, MIA
SDN,SDN @ MIA,AWAY,L, MIA
SDN,SDN @ CIN,AWAY,W, CIN
SDN,SDN @ CIN,AWAY,L, CIN
SDN,SDN @ PIT,AWAY,W, PIT
SDN,SDN @ PIT,AWAY,L, PIT
SDN,SDN @ ATL,AWAY,W, ATL
SDN,SDN @ ATL,AWAY,L, ATL
SDN,SDN @ ARI,AWAY,L, ARI
SDN,SDN @ CHN,AWAY,W, CHN
SDN,SDN @ TBA,AWAY,L, TBA
SDN,SDN @ BAL,AWAY,W, BAL
SDN,SDN @ SEA,AWAY,L, SEA
SDN,SDN @ BOS,AWAY,L, BOS
SDN,SDN @ SLN,AWAY,W, SLN
SDN,SDN @ CLE,AWAY,L, CLE
SDN,SDN @ CLE,AWAY,W, CLE
SDN,SDN @ CHA,AWAY,W, CHA
SDN,SDN @ CHA,AWAY,L, CHA
SDN,SDN @ MIN,AWAY,L, MIN
SDN,SDN @ MIN,AWAY,W, MIN
SDN,SDN @ ANA,AWAY,L, ANA
SDN,SDN @ ANA,AWAY,W, ANA
SDN,SDN @ TEX,AWAY,L, TEX
SDN,SDN @ TEX,AWAY,W, TEX
SDN,SDN @ BAL,AWAY,L, BAL
SDN,SDN @ TOR,AWAY,L, TOR
SDN,SDN @ TOR,AWAY,W, TOR
SDN ,SDN .vs LAN,HOME,L, LAN
SDN ,SDN .vs LAN,HOME,W, LAN
SDN ,SDN .vs ARI,HOME,L, ARI
SDN ,SDN .vs ARI,HOME,W, ARI
SDN ,SDN .vs PHI,HOME,L, PHI
SDN ,SDN .vs PHI,HOME,W, PHI
SDN ,SDN .vs WAS,HOME,L, WAS
SDN ,SDN .vs WAS,HOME,W, WAS
SDN ,SDN .vs MIL,HOME,L, MIL
SDN ,SDN .vs MIL,HOME,W, MIL
SDN ,SDN .vs MIA,HOME,L, MIA
SDN ,SDN .vs COL,HOME,W, COL
SDN ,SDN .vs COL,HOME,L, COL
SDN ,SDN .vs ANA,HOME,L, ANA
SDN ,SDN .vs ANA,HOME,W, ANA
SDN ,SDN .vs SFN,HOME,W, SFN
SDN ,SDN .vs SFN,HOME,L, SFN
SDN ,SDN .vs TEX,HOME,L, TEX
SDN ,SDN .vs SEA,HOME,W, SEA
SDN ,SDN .vs SEA,HOME,L, SEA
SDN ,SDN .vs CIN,HOME,W, CIN
SDN ,SDN .vs CIN,HOME,L, CIN
SDN ,SDN .vs HOU,HOME,L, HOU
SDN ,SDN .vs HOU,HOME,W, HOU
SDN ,SDN .vs NYN,HOME,W, NYN
SDN ,SDN .vs NYN,HOME,L, NYN
SDN ,SDN .vs CHN,HOME,W, CHN
SDN ,SDN .vs PIT,HOME,W, PIT
SDN ,SDN .vs ATL,HOME,W, ATL
SDN ,SDN .vs ATL,HOME,L, ATL
SDN ,SDN .vs SLN,HOME,W, SLN
SDN ,SDN .vs MIA,HOME,W, MIA
SDN ,SDN .vs SLN,HOME,L, SLN
SDN ,SDN .vs TOR,HOME,W, TOR
SDN ,SDN .vs TOR,HOME,L, TOR
SDN ,SDN .vs NYA,HOME,W, NYA
SDN ,SDN .vs NYA,HOME,L, NYA
SDN ,SDN .vs BAL,HOME,L, BAL
SDN ,SDN .vs PIT,HOME,L, PIT
SDN ,SDN .vs CHN,HOME,L, CHN
SDN ,SDN .vs DET,HOME,W, DET
SDN ,SDN .vs DET,HOME,L, DET
SDN ,SDN .vs KCA,HOME,W, KCA
SDN ,SDN .vs KCA,HOME,L, KCA
SDN ,SDN .vs MIN,HOME,L, MIN
SDN ,SDN .vs OAK,HOME,L, OAK
SDN ,SDN .vs TEX,HOME,W, TEX
SDN ,SDN .vs BOS,HOME,W, BOS
SDN ,SDN .vs BOS,HOME,L, BOS
SDN ,SDN .vs MIN,HOME,W, MIN
SEA,SEA @ OAK,AWAY,W, OAK
SEA,SEA @ OAK,AWAY,L, OAK
SEA,SEA @ TEX,AWAY,L, TEX
SEA,SEA @ TEX,AWAY,W, TEX
SEA,SEA @ DET,AWAY,W, DET
SEA,SEA @ TOR,AWAY,W, TOR
SEA,SEA @ TOR,AWAY,L, TOR
SEA,SEA @ TBA,AWAY,L, TBA
SEA,SEA @ NYA,AWAY,L, NYA
SEA,SEA @ NYA,AWAY,W, NYA
SEA,SEA @ BOS,AWAY,L, BOS
SEA,SEA @ CLE,AWAY,L, CLE
SEA,SEA @ COL,AWAY,W, COL
SEA,SEA @ CHA,AWAY,L, CHA
SEA,SEA @ CHA,AWAY,W, CHA
SEA,SEA @ ANA,AWAY,W, ANA
SEA,SEA @ ANA,AWAY,L, ANA
SEA,SEA @ ARI,AWAY,L, ARI
SEA,SEA @ ARI,AWAY,W, ARI
SEA,SEA @ SDN,AWAY,L, SDN
SEA,SEA @ SDN,AWAY,W, SDN
SEA,SEA @ KCA,AWAY,W, KCA
SEA,SEA @ KCA,AWAY,L, KCA
SEA,SEA @ TBA,AWAY,W, TBA
SEA,SEA @ BAL,AWAY,L, BAL
SEA,SEA @ MIN,AWAY,W, MIN
SEA,SEA @ MIN,AWAY,L, MIN
SEA,SEA @ HOU,AWAY,W, HOU
SEA,SEA @ HOU,AWAY,L, HOU
SEA,SEA @ PIT,AWAY,L, PIT
SEA,SEA @ PIT,AWAY,W, PIT
SEA,SEA @ CIN,AWAY,W, CIN
SEA,SEA @ CIN,AWAY,L, CIN
SEA,SEA @ BAL,AWAY,W, BAL
SEA,SEA @ SLN,AWAY,L, SLN
SEA,SEA @ SLN,AWAY,W, SLN
SEA,SEA @ DET,AWAY,L, DET
SEA,SEA @ MIA,AWAY,L, MIA
SEA,SEA @ ATL,AWAY,W, ATL
SEA,SEA @ CLE,AWAY,W, CLE
SEA,SEA @ PHI,AWAY,L, PHI
SEA,SEA @ PHI,AWAY,W, PHI
SEA,SEA @ BOS,AWAY,W, BOS
SEA,SEA @ LAN,AWAY,L, LAN
SEA,SEA @ SFN,AWAY,W, SFN
SEA,SEA @ SFN,AWAY,L, SFN
SEA,SEA @ COL,AWAY,L, COL
SEA,SEA @ CHN,AWAY,L, CHN
SEA,SEA @ CHN,AWAY,W, CHN
SEA,SEA @ WAS,AWAY,L, WAS
SEA,SEA @ WAS,AWAY,W, WAS
SEA,SEA @ ATL,AWAY,L, ATL
SEA ,SEA .vs OAK,HOME,L, OAK
SEA ,SEA .vs OAK,HOME,W, OAK
SEA ,SEA .vs CLE,HOME,L, CLE
SEA ,SEA .vs CLE,HOME,W, CLE
SEA ,SEA .vs CHA,HOME,L, CHA
SEA ,SEA .vs MIN,HOME,L, MIN
SEA ,SEA .vs MIN,HOME,W, MIN
SEA ,SEA .vs DET,HOME,W, DET
SEA ,SEA .vs DET,HOME,L, DET
SEA ,SEA .vs TEX,HOME,W, TEX
SEA ,SEA .vs TEX,HOME,L, TEX
SEA ,SEA .vs ANA,HOME,L, ANA
SEA ,SEA .vs LAN,HOME,W, LAN
SEA ,SEA .vs LAN,HOME,L, LAN
SEA ,SEA .vs SDN,HOME,L, SDN
SEA ,SEA .vs SFN,HOME,L, SFN
SEA ,SEA .vs SFN,HOME,W, SFN
SEA ,SEA .vs BOS,HOME,W, BOS
SEA ,SEA .vs BOS,HOME,L, BOS
SEA ,SEA .vs BAL,HOME,W, BAL
SEA ,SEA .vs BAL,HOME,L, BAL
SEA ,SEA .vs NYA,HOME,L, NYA
SEA ,SEA .vs NYA,HOME,W, NYA
SEA ,SEA .vs KCA,HOME,W, KCA
SEA ,SEA .vs TOR,HOME,W, TOR
SEA ,SEA .vs TBA,HOME,L, TBA
SEA ,SEA .vs TBA,HOME,W, TBA
SEA ,SEA .vs ANA,HOME,W, ANA
SEA ,SEA .vs HOU,HOME,W, HOU
SEA ,SEA .vs HOU,HOME,L, HOU
SEA ,SEA .vs SDN,HOME,W, SDN
SEA ,SEA .vs CHA,HOME,W, CHA
SEA ,SEA .vs PIT,HOME,L, PIT
SEA ,SEA .vs CHN,HOME,W, CHN
SEA ,SEA .vs CHN,HOME,L, CHN
SEA ,SEA .vs TOR,HOME,L, TOR
SEA ,SEA .vs MIL,HOME,L, MIL
SEA ,SEA .vs MIL,HOME,W, MIL
SEA ,SEA .vs KCA,HOME,L, KCA
SEA ,SEA .vs NYN,HOME,W, NYN
SEA ,SEA .vs NYN,HOME,L, NYN
SEA ,SEA .vs ATL,HOME,W, ATL
SEA ,SEA .vs WAS,HOME,L, WAS
SEA ,SEA .vs WAS,HOME,W, WAS
SEA ,SEA .vs ARI,HOME,L, ARI
SEA ,SEA .vs COL,HOME,L, COL
SEA ,SEA .vs COL,HOME,W, COL
SEA ,SEA .vs SLN,HOME,W, SLN
SEA ,SEA .vs SLN,HOME,L, SLN
SEA ,SEA .vs PIT,HOME,W, PIT
SEA ,SEA .vs MIA,HOME,W, MIA
SEA ,SEA .vs MIA,HOME,L, MIA
SEA ,SEA .vs PHI,HOME,L, PHI
SFN,SFN @ ARI,AWAY,L, ARI
SFN,SFN @ COL,AWAY,W, COL
SFN,SFN @ COL,AWAY,L, COL
SFN,SFN @ NYN,AWAY,W, NYN
SFN,SFN @ NYN,AWAY,L, NYN
SFN,SFN @ CIN,AWAY,L, CIN
SFN,SFN @ CIN,AWAY,W, CIN
SFN,SFN @ LAN,AWAY,L, LAN
SFN,SFN @ LAN,AWAY,W, LAN
SFN,SFN @ ARI,AWAY,W, ARI
SFN,SFN @ MIL,AWAY,W, MIL
SFN,SFN @ MIL,AWAY,L, MIL
SFN,SFN @ MIA,AWAY,W, MIA
SFN,SFN @ MIA,AWAY,L, MIA
SFN,SFN @ SDN,AWAY,L, SDN
SFN,SFN @ SDN,AWAY,W, SDN
SFN,SFN @ SEA,AWAY,W, SEA
SFN,SFN @ SEA,AWAY,L, SEA
SFN,SFN @ ANA,AWAY,W, ANA
SFN,SFN @ ANA,AWAY,L, ANA
SFN,SFN @ OAK,AWAY,W, OAK
SFN,SFN @ OAK,AWAY,L, OAK
SFN,SFN @ WAS,AWAY,L, WAS
SFN,SFN @ PIT,AWAY,W, PIT
SFN,SFN @ PIT,AWAY,L, PIT
SFN,SFN @ ATL,AWAY,W, ATL
SFN,SFN @ ATL,AWAY,L, ATL
SFN,SFN @ PHI,AWAY,W, PHI
SFN,SFN @ PHI,AWAY,L, PHI
SFN,SFN @ SLN,AWAY,L, SLN
SFN,SFN @ SLN,AWAY,W, SLN
SFN,SFN @ HOU,AWAY,W, HOU
SFN,SFN @ CHN,AWAY,L, CHN
SFN,SFN @ CHN,AWAY,W, CHN
SFN,SFN @ TOR,AWAY,L, TOR
SFN,SFN @ TBA,AWAY,W, TBA
SFN,SFN @ TBA,AWAY,L, TBA
SFN,SFN @ WAS,AWAY,W, WAS
SFN,SFN @ NYA,AWAY,L, NYA
SFN,SFN @ NYA,AWAY,W, NYA
SFN,SFN @ CHA,AWAY,L, CHA
SFN,SFN @ KCA,AWAY,L, KCA
SFN,SFN @ DET,AWAY,W, DET
SFN,SFN @ DET,AWAY,L, DET
SFN,SFN @ HOU,AWAY,L, HOU
SFN,SFN @ TEX,AWAY,L, TEX
SFN,SFN @ TEX,AWAY,W, TEX
SFN,SFN @ BOS,AWAY,L, BOS
SFN,SFN @ KCA,AWAY,W, KCA
SFN,SFN @ CHA,AWAY,W, CHA
SFN ,SFN .vs PIT,HOME,W, PIT
SFN ,SFN .vs PIT,HOME,L, PIT
SFN ,SFN .vs PHI,HOME,L, PHI
SFN ,SFN .vs PHI,HOME,W, PHI
SFN ,SFN .vs SDN,HOME,L, SDN
SFN ,SFN .vs SDN,HOME,W, SDN
SFN ,SFN .vs MIA,HOME,L, MIA
SFN ,SFN .vs MIL,HOME,L, MIL
SFN ,SFN .vs MIL,HOME,W, MIL
SFN ,SFN .vs COL,HOME,W, COL
SFN ,SFN .vs COL,HOME,L, COL
SFN ,SFN .vs SLN,HOME,L, SLN
SFN ,SFN .vs SLN,HOME,W, SLN
SFN ,SFN .vs OAK,HOME,W, OAK
SFN ,SFN .vs OAK,HOME,L, OAK
SFN ,SFN .vs ARI,HOME,W, ARI
SFN ,SFN .vs ARI,HOME,L, ARI
SFN ,SFN .vs CHN,HOME,W, CHN
SFN ,SFN .vs TEX,HOME,L, TEX
SFN ,SFN .vs TEX,HOME,W, TEX
SFN ,SFN .vs HOU,HOME,W, HOU
SFN ,SFN .vs HOU,HOME,L, HOU
SFN ,SFN .vs LAN,HOME,W, LAN
SFN ,SFN .vs CIN,HOME,W, CIN
SFN ,SFN .vs CIN,HOME,L, CIN
SFN ,SFN .vs LAN,HOME,L, LAN
SFN ,SFN .vs NYN,HOME,L, NYN
SFN ,SFN .vs NYN,HOME,W, NYN
SFN ,SFN .vs WAS,HOME,L, WAS
SFN ,SFN .vs WAS,HOME,W, WAS
SFN ,SFN .vs ATL,HOME,W, ATL
SFN ,SFN .vs ATL,HOME,L, ATL
SFN ,SFN .vs TOR,HOME,W, TOR
SFN ,SFN .vs TOR,HOME,L, TOR
SFN ,SFN .vs MIA,HOME,W, MIA
SFN ,SFN .vs CHN,HOME,L, CHN
SFN ,SFN .vs BAL,HOME,L, BAL
SFN ,SFN .vs BAL,HOME,W, BAL
SFN ,SFN .vs BOS,HOME,L, BOS
SFN ,SFN .vs BOS,HOME,W, BOS
SFN ,SFN .vs CLE,HOME,W, CLE
SFN ,SFN .vs MIN,HOME,W, MIN
SFN ,SFN .vs CHA,HOME,L, CHA
SFN ,SFN .vs CHA,HOME,W, CHA
SFN ,SFN .vs ANA,HOME,W, ANA
SFN ,SFN .vs SEA,HOME,L, SEA
SFN ,SFN .vs SEA,HOME,W, SEA
SFN ,SFN .vs MIN,HOME,L, MIN
SFN ,SFN .vs KCA,HOME,L, KCA
SFN ,SFN .vs CLE,HOME,L, CLE
SLN,SLN @ MIA,AWAY,W, MIA
SLN,SLN @ MIL,AWAY,W, MIL
SLN,SLN @ MIL,AWAY,L, MIL
SLN,SLN @ CIN,AWAY,W, CIN
SLN,SLN @ CIN,AWAY,L, CIN
SLN,SLN @ PIT,AWAY,W, PIT
SLN,SLN @ PIT,AWAY,L, PIT
SLN,SLN @ CHN,AWAY,L, CHN
SLN,SLN @ CHN,AWAY,W, CHN
SLN,SLN @ HOU,AWAY,L, HOU
SLN,SLN @ HOU,AWAY,W, HOU
SLN,SLN @ ARI,AWAY,W, ARI
SLN,SLN @ SFN,AWAY,W, SFN
SLN,SLN @ SFN,AWAY,L, SFN
SLN,SLN @ LAN,AWAY,L, LAN
SLN,SLN @ ATL,AWAY,W, ATL
SLN,SLN @ ATL,AWAY,L, ATL
SLN,SLN @ NYN,AWAY,L, NYN
SLN,SLN @ NYN,AWAY,W, NYN
SLN,SLN @ DET,AWAY,L, DET
SLN,SLN @ DET,AWAY,W, DET
SLN,SLN @ KCA,AWAY,W, KCA
SLN,SLN @ MIA,AWAY,L, MIA
SLN,SLN @ COL,AWAY,W, COL
SLN,SLN @ COL,AWAY,L, COL
SLN,SLN @ PHI,AWAY,L, PHI
SLN,SLN @ PHI,AWAY,W, PHI
SLN,SLN @ WAS,AWAY,L, WAS
SLN,SLN @ WAS,AWAY,W, WAS
SLN,SLN @ SDN,AWAY,L, SDN
SLN,SLN @ LAN,AWAY,W, LAN
SLN,SLN @ ARI,AWAY,L, ARI
SLN,SLN @ SDN,AWAY,W, SDN
SLN,SLN @ OAK,AWAY,L, OAK
SLN,SLN @ OAK,AWAY,W, OAK
SLN,SLN @ ANA,AWAY,L, ANA
SLN,SLN @ ANA,AWAY,W, ANA
SLN,SLN @ KCA,AWAY,L, KCA
SLN,SLN @ TOR,AWAY,L, TOR
SLN,SLN @ TOR,AWAY,W, TOR
SLN,SLN @ TBA,AWAY,W, TBA
SLN,SLN @ TBA,AWAY,L, TBA
SLN,SLN @ BAL,AWAY,L, BAL
SLN,SLN @ BAL,AWAY,W, BAL
SLN,SLN @ CLE,AWAY,W, CLE
SLN,SLN @ CLE,AWAY,L, CLE
SLN,SLN @ MIN,AWAY,L, MIN
SLN,SLN @ CHA,AWAY,W, CHA
SLN,SLN @ SEA,AWAY,L, SEA
SLN,SLN @ SEA,AWAY,W, SEA
SLN,SLN @ NYA,AWAY,L, NYA
SLN,SLN @ BOS,AWAY,L, BOS
SLN ,SLN .vs CHN,HOME,L, CHN
SLN ,SLN .vs CHN,HOME,W, CHN
SLN ,SLN .vs CIN,HOME,W, CIN
SLN ,SLN .vs CIN,HOME,L, CIN
SLN ,SLN .vs MIL,HOME,W, MIL
SLN ,SLN .vs MIL,HOME,L, MIL
SLN ,SLN .vs PIT,HOME,W, PIT
SLN ,SLN .vs PIT,HOME,L, PIT
SLN ,SLN .vs ATL,HOME,L, ATL
SLN ,SLN .vs SDN,HOME,W, SDN
SLN ,SLN .vs PHI,HOME,L, PHI
SLN ,SLN .vs PHI,HOME,W, PHI
SLN ,SLN .vs CLE,HOME,L, CLE
SLN ,SLN .vs CLE,HOME,W, CLE
SLN ,SLN .vs CHA,HOME,L, CHA
SLN ,SLN .vs CHA,HOME,W, CHA
SLN ,SLN .vs KCA,HOME,L, KCA
SLN ,SLN .vs KCA,HOME,W, KCA
SLN ,SLN .vs COL,HOME,W, COL
SLN ,SLN .vs COL,HOME,L, COL
SLN ,SLN .vs MIA,HOME,L, MIA
SLN ,SLN .vs MIA,HOME,W, MIA
SLN ,SLN .vs LAN,HOME,L, LAN
SLN ,SLN .vs LAN,HOME,W, LAN
SLN ,SLN .vs SFN,HOME,W, SFN
SLN ,SLN .vs SFN,HOME,L, SFN
SLN ,SLN .vs ARI,HOME,W, ARI
SLN ,SLN .vs ARI,HOME,L, ARI
SLN ,SLN .vs HOU,HOME,W, HOU
SLN ,SLN .vs NYN,HOME,W, NYN
SLN ,SLN .vs NYN,HOME,L, NYN
SLN ,SLN .vs WAS,HOME,W, WAS
SLN ,SLN .vs WAS,HOME,L, WAS
SLN ,SLN .vs TEX,HOME,L, TEX
SLN ,SLN .vs SDN,HOME,L, SDN
SLN ,SLN .vs ATL,HOME,W, ATL
SLN ,SLN .vs SEA,HOME,W, SEA
SLN ,SLN .vs SEA,HOME,L, SEA
SLN ,SLN .vs NYA,HOME,L, NYA
SLN ,SLN .vs NYA,HOME,W, NYA
SLN ,SLN .vs TBA,HOME,L, TBA
SLN ,SLN .vs BOS,HOME,W, BOS
SLN ,SLN .vs BOS,HOME,L, BOS
SLN ,SLN .vs DET,HOME,L, DET
SLN ,SLN .vs DET,HOME,W, DET
SLN ,SLN .vs MIN,HOME,W, MIN
SLN ,SLN .vs HOU,HOME,L, HOU
SLN ,SLN .vs OAK,HOME,W, OAK
SLN ,SLN .vs OAK,HOME,L, OAK
SLN ,SLN .vs TOR,HOME,L, TOR
SLN ,SLN .vs TOR,HOME,W, TOR
SLN ,SLN .vs TBA,HOME,W, TBA
TBA,TBA @ DET,AWAY,L, DET
TBA,TBA @ DET,AWAY,W, DET
TBA,TBA @ BOS,AWAY,L, BOS
TBA,TBA @ BOS,AWAY,W, BOS
TBA,TBA @ TOR,AWAY,L, TOR
TBA,TBA @ TOR,AWAY,W, TOR
TBA,TBA @ TEX,AWAY,W, TEX
TBA,TBA @ TEX,AWAY,L, TEX
TBA,TBA @ NYA,AWAY,L, NYA
TBA,TBA @ NYA,AWAY,W, NYA
TBA,TBA @ BAL,AWAY,L, BAL
TBA,TBA @ BAL,AWAY,W, BAL
TBA,TBA @ MIA,AWAY,W, MIA
TBA,TBA @ WAS,AWAY,W, WAS
TBA,TBA @ WAS,AWAY,L, WAS
TBA,TBA @ PHI,AWAY,L, PHI
TBA,TBA @ PHI,AWAY,W, PHI
TBA,TBA @ KCA,AWAY,L, KCA
TBA,TBA @ CLE,AWAY,L, CLE
TBA,TBA @ CLE,AWAY,W, CLE
TBA,TBA @ ANA,AWAY,L, ANA
TBA,TBA @ ANA,AWAY,W, ANA
TBA,TBA @ OAK,AWAY,L, OAK
TBA,TBA @ OAK,AWAY,W, OAK
TBA,TBA @ MIN,AWAY,W, MIN
TBA,TBA @ SEA,AWAY,W, SEA
TBA,TBA @ SEA,AWAY,L, SEA
TBA,TBA @ CHA,AWAY,W, CHA
TBA,TBA @ CHA,AWAY,L, CHA
TBA,TBA @ COL,AWAY,W, COL
TBA,TBA @ COL,AWAY,L, COL
TBA,TBA @ HOU,AWAY,W, HOU
TBA,TBA @ HOU,AWAY,L, HOU
TBA,TBA @ ARI,AWAY,L, ARI
TBA,TBA @ LAN,AWAY,L, LAN
TBA,TBA @ MIN,AWAY,L, MIN
TBA,TBA @ KCA,AWAY,W, KCA
TBA,TBA @ CIN,AWAY,W, CIN
TBA,TBA @ CIN,AWAY,L, CIN
TBA,TBA @ MIA,AWAY,L, MIA
TBA,TBA @ SLN,AWAY,W, SLN
TBA,TBA @ CHN,AWAY,W, CHN
TBA,TBA @ CHN,AWAY,L, CHN
TBA,TBA @ ATL,AWAY,W, ATL
TBA,TBA @ ATL,AWAY,L, ATL
TBA,TBA @ ARI,AWAY,W, ARI
TBA,TBA @ LAN,AWAY,W, LAN
TBA,TBA @ PIT,AWAY,W, PIT
TBA,TBA @ PIT,AWAY,L, PIT
TBA,TBA @ SLN,AWAY,L, SLN
TBA ,TBA .vs NYA,HOME,W, NYA
TBA ,TBA .vs MIN,HOME,L, MIN
TBA ,TBA .vs MIN,HOME,W, MIN
TBA ,TBA .vs ANA,HOME,W, ANA
TBA ,TBA .vs SEA,HOME,W, SEA
TBA ,TBA .vs OAK,HOME,W, OAK
TBA ,TBA .vs OAK,HOME,L, OAK
TBA ,TBA .vs BOS,HOME,W, BOS
TBA ,TBA .vs BOS,HOME,L, BOS
TBA ,TBA .vs ATL,HOME,L, ATL
TBA ,TBA .vs ATL,HOME,W, ATL
TBA ,TBA .vs TOR,HOME,L, TOR
TBA ,TBA .vs TOR,HOME,W, TOR
TBA ,TBA .vs CHA,HOME,L, CHA
TBA ,TBA .vs BAL,HOME,W, BAL
TBA ,TBA .vs BAL,HOME,L, BAL
TBA ,TBA .vs NYN,HOME,L, NYN
TBA ,TBA .vs MIA,HOME,W, MIA
TBA ,TBA .vs MIA,HOME,L, MIA
TBA ,TBA .vs DET,HOME,L, DET
TBA ,TBA .vs DET,HOME,W, DET
TBA ,TBA .vs NYA,HOME,L, NYA
TBA ,TBA .vs CLE,HOME,L, CLE
TBA ,TBA .vs CLE,HOME,W, CLE
TBA ,TBA .vs SEA,HOME,L, SEA
TBA ,TBA .vs KCA,HOME,W, KCA
TBA ,TBA .vs KCA,HOME,L, KCA
TBA ,TBA .vs TEX,HOME,W, TEX
TBA ,TBA .vs TEX,HOME,L, TEX
TBA ,TBA .vs SDN,HOME,W, SDN
TBA ,TBA .vs CHA,HOME,W, CHA
TBA ,TBA .vs HOU,HOME,L, HOU
TBA ,TBA .vs HOU,HOME,W, HOU
TBA ,TBA .vs ARI,HOME,W, ARI
TBA ,TBA .vs ARI,HOME,L, ARI
TBA ,TBA .vs SFN,HOME,L, SFN
TBA ,TBA .vs SFN,HOME,W, SFN
TBA ,TBA .vs ANA,HOME,L, ANA
TBA ,TBA .vs SLN,HOME,L, SLN
TBA ,TBA .vs SLN,HOME,W, SLN
TBA ,TBA .vs PIT,HOME,L, PIT
TBA ,TBA .vs PIT,HOME,W, PIT
TBA ,TBA .vs MIL,HOME,W, MIL
TBA ,TBA .vs MIL,HOME,L, MIL
TBA ,TBA .vs WAS,HOME,W, WAS
TBA ,TBA .vs WAS,HOME,L, WAS
TBA ,TBA .vs NYN,HOME,W, NYN
TBA ,TBA .vs LAN,HOME,L, LAN
TBA ,TBA .vs LAN,HOME,W, LAN
TBA ,TBA .vs CIN,HOME,L, CIN
TBA ,TBA .vs CIN,HOME,W, CIN
TBA ,TBA .vs CHN,HOME,L, CHN
TBA ,TBA .vs CHN,HOME,W, CHN
TEX,TEX @ MIN,AWAY,W, MIN
TEX,TEX @ BOS,AWAY,W, BOS
TEX,TEX @ DET,AWAY,W, DET
TEX,TEX @ DET,AWAY,L, DET
TEX,TEX @ TOR,AWAY,W, TOR
TEX,TEX @ TOR,AWAY,L, TOR
TEX,TEX @ CLE,AWAY,L, CLE
TEX,TEX @ CLE,AWAY,W, CLE
TEX,TEX @ BAL,AWAY,W, BAL
TEX,TEX @ BAL,AWAY,L, BAL
TEX,TEX @ HOU,AWAY,W, HOU
TEX,TEX @ HOU,AWAY,L, HOU
TEX,TEX @ SEA,AWAY,L, SEA
TEX,TEX @ SEA,AWAY,W, SEA
TEX,TEX @ ANA,AWAY,L, ANA
TEX,TEX @ ANA,AWAY,W, ANA
TEX,TEX @ OAK,AWAY,L, OAK
TEX,TEX @ OAK,AWAY,W, OAK
TEX,TEX @ SFN,AWAY,W, SFN
TEX,TEX @ SFN,AWAY,L, SFN
TEX,TEX @ SDN,AWAY,W, SDN
TEX,TEX @ CHA,AWAY,L, CHA
TEX,TEX @ KCA,AWAY,W, KCA
TEX,TEX @ KCA,AWAY,L, KCA
TEX,TEX @ BOS,AWAY,L, BOS
TEX,TEX @ NYA,AWAY,L, NYA
TEX,TEX @ NYA,AWAY,W, NYA
TEX,TEX @ TBA,AWAY,L, TBA
TEX,TEX @ TBA,AWAY,W, TBA
TEX,TEX @ CHN,AWAY,W, CHN
TEX,TEX @ CHN,AWAY,L, CHN
TEX,TEX @ MIN,AWAY,L, MIN
TEX,TEX @ MIL,AWAY,L, MIL
TEX,TEX @ MIL,AWAY,W, MIL
TEX,TEX @ ARI,AWAY,L, ARI
TEX,TEX @ SLN,AWAY,W, SLN
TEX,TEX @ CHA,AWAY,W, CHA
TEX,TEX @ COL,AWAY,L, COL
TEX,TEX @ WAS,AWAY,L, WAS
TEX,TEX @ WAS,AWAY,W, WAS
TEX,TEX @ NYN,AWAY,L, NYN
TEX,TEX @ NYN,AWAY,W, NYN
TEX,TEX @ MIA,AWAY,L, MIA
TEX,TEX @ MIA,AWAY,W, MIA
TEX,TEX @ ARI,AWAY,W, ARI
TEX,TEX @ LAN,AWAY,W, LAN
TEX,TEX @ LAN,AWAY,L, LAN
TEX,TEX @ COL,AWAY,W, COL
TEX,TEX @ SDN,AWAY,L, SDN
TEX,TEX @ CIN,AWAY,L, CIN
TEX,TEX @ CIN,AWAY,W, CIN
TEX,TEX @ ATL,AWAY,W, ATL
TEX,TEX @ ATL,AWAY,L, ATL
TEX ,TEX .vs CHA,HOME,W, CHA
TEX ,TEX .vs CHA,HOME,L, CHA
TEX ,TEX .vs SEA,HOME,W, SEA
TEX ,TEX .vs SEA,HOME,L, SEA
TEX ,TEX .vs NYA,HOME,L, NYA
TEX ,TEX .vs NYA,HOME,W, NYA
TEX ,TEX .vs TBA,HOME,L, TBA
TEX ,TEX .vs TBA,HOME,W, TBA
TEX ,TEX .vs ANA,HOME,W, ANA
TEX ,TEX .vs ANA,HOME,L, ANA
TEX ,TEX .vs KCA,HOME,L, KCA
TEX ,TEX .vs OAK,HOME,W, OAK
TEX ,TEX .vs OAK,HOME,L, OAK
TEX ,TEX .vs TOR,HOME,W, TOR
TEX ,TEX .vs ARI,HOME,W, ARI
TEX ,TEX .vs ARI,HOME,L, ARI
TEX ,TEX .vs HOU,HOME,W, HOU
TEX ,TEX .vs COL,HOME,W, COL
TEX ,TEX .vs COL,HOME,L, COL
TEX ,TEX .vs DET,HOME,L, DET
TEX ,TEX .vs DET,HOME,W, DET
TEX ,TEX .vs MIN,HOME,L, MIN
TEX ,TEX .vs MIN,HOME,W, MIN
TEX ,TEX .vs BOS,HOME,W, BOS
TEX ,TEX .vs BOS,HOME,L, BOS
TEX ,TEX .vs BAL,HOME,W, BAL
TEX ,TEX .vs BAL,HOME,L, BAL
TEX ,TEX .vs CLE,HOME,W, CLE
TEX ,TEX .vs CLE,HOME,L, CLE
TEX ,TEX .vs KCA,HOME,W, KCA
TEX ,TEX .vs TOR,HOME,L, TOR
TEX ,TEX .vs CIN,HOME,W, CIN
TEX ,TEX .vs CIN,HOME,L, CIN
TEX ,TEX .vs HOU,HOME,L, HOU
TEX ,TEX .vs MIL,HOME,L, MIL
TEX ,TEX .vs MIL,HOME,W, MIL
TEX ,TEX .vs PIT,HOME,L, PIT
TEX ,TEX .vs PHI,HOME,L, PHI
TEX ,TEX .vs PHI,HOME,W, PHI
TEX ,TEX .vs MIA,HOME,L, MIA
TEX ,TEX .vs MIA,HOME,W, MIA
TEX ,TEX .vs ATL,HOME,W, ATL
TEX ,TEX .vs LAN,HOME,W, LAN
TEX ,TEX .vs SDN,HOME,W, SDN
TEX ,TEX .vs SDN,HOME,L, SDN
TEX ,TEX .vs SFN,HOME,W, SFN
TEX ,TEX .vs SFN,HOME,L, SFN
TEX ,TEX .vs PIT,HOME,W, PIT
TEX ,TEX .vs NYN,HOME,W, NYN
TEX ,TEX .vs NYN,HOME,L, NYN
TOR,TOR @ CLE,AWAY,W, CLE
TOR,TOR @ CLE,AWAY,L, CLE
TOR,TOR @ KCA,AWAY,W, KCA
TOR,TOR @ BAL,AWAY,L, BAL
TOR,TOR @ ANA,AWAY,W, ANA
TOR,TOR @ ANA,AWAY,L, ANA
TOR,TOR @ OAK,AWAY,L, OAK
TOR,TOR @ OAK,AWAY,W, OAK
TOR,TOR @ MIN,AWAY,W, MIN
TOR,TOR @ MIN,AWAY,L, MIN
TOR,TOR @ TBA,AWAY,W, TBA
TOR,TOR @ TBA,AWAY,L, TBA
TOR,TOR @ TEX,AWAY,L, TEX
TOR,TOR @ CHA,AWAY,W, CHA
TOR,TOR @ CHA,AWAY,L, CHA
TOR,TOR @ ATL,AWAY,L, ATL
TOR,TOR @ ATL,AWAY,W, ATL
TOR,TOR @ MIL,AWAY,L, MIL
TOR,TOR @ MIL,AWAY,W, MIL
TOR,TOR @ MIA,AWAY,W, MIA
TOR,TOR @ MIA,AWAY,L, MIA
TOR,TOR @ BOS,AWAY,W, BOS
TOR,TOR @ BOS,AWAY,L, BOS
TOR,TOR @ NYA,AWAY,L, NYA
TOR,TOR @ SEA,AWAY,L, SEA
TOR,TOR @ DET,AWAY,L, DET
TOR,TOR @ NYA,AWAY,W, NYA
TOR,TOR @ BAL,AWAY,W, BAL
TOR,TOR @ DET,AWAY,W, DET
TOR,TOR @ KCA,AWAY,L, KCA
TOR,TOR @ SDN,AWAY,L, SDN
TOR,TOR @ SDN,AWAY,W, SDN
TOR,TOR @ SFN,AWAY,L, SFN
TOR,TOR @ SFN,AWAY,W, SFN
TOR,TOR @ TEX,AWAY,W, TEX
TOR,TOR @ SEA,AWAY,W, SEA
TOR,TOR @ HOU,AWAY,L, HOU
TOR,TOR @ HOU,AWAY,W, HOU
TOR,TOR @ ARI,AWAY,W, ARI
TOR,TOR @ ARI,AWAY,L, ARI
TOR,TOR @ PIT,AWAY,L, PIT
TOR,TOR @ PIT,AWAY,W, PIT
TOR,TOR @ PHI,AWAY,W, PHI
TOR,TOR @ CIN,AWAY,W, CIN
TOR,TOR @ CIN,AWAY,L, CIN
TOR,TOR @ WAS,AWAY,L, WAS
TOR,TOR @ WAS,AWAY,W, WAS
TOR,TOR @ NYN,AWAY,L, NYN
TOR,TOR @ PHI,AWAY,L, PHI
TOR,TOR @ COL,AWAY,L, COL
TOR,TOR @ COL,AWAY,W, COL
TOR,TOR @ SLN,AWAY,W, SLN
TOR,TOR @ SLN,AWAY,L, SLN
TOR,TOR @ CHN,AWAY,L, CHN
TOR ,TOR .vs BOS,HOME,L, BOS
TOR ,TOR .vs BOS,HOME,W, BOS
TOR ,TOR .vs BAL,HOME,L, BAL
TOR ,TOR .vs BAL,HOME,W, BAL
TOR ,TOR .vs TBA,HOME,W, TBA
TOR ,TOR .vs TBA,HOME,L, TBA
TOR ,TOR .vs SEA,HOME,L, SEA
TOR ,TOR .vs SEA,HOME,W, SEA
TOR ,TOR .vs TEX,HOME,L, TEX
TOR ,TOR .vs TEX,HOME,W, TEX
TOR ,TOR .vs NYA,HOME,W, NYA
TOR ,TOR .vs NYN,HOME,W, NYN
TOR ,TOR .vs NYN,HOME,L, NYN
TOR ,TOR .vs WAS,HOME,L, WAS
TOR ,TOR .vs PHI,HOME,W, PHI
TOR ,TOR .vs ANA,HOME,L, ANA
TOR ,TOR .vs ANA,HOME,W, ANA
TOR ,TOR .vs KCA,HOME,L, KCA
TOR ,TOR .vs KCA,HOME,W, KCA
TOR ,TOR .vs CLE,HOME,L, CLE
TOR ,TOR .vs CLE,HOME,W, CLE
TOR ,TOR .vs OAK,HOME,L, OAK
TOR ,TOR .vs OAK,HOME,W, OAK
TOR ,TOR .vs DET,HOME,W, DET
TOR ,TOR .vs DET,HOME,L, DET
TOR ,TOR .vs NYA,HOME,L, NYA
TOR ,TOR .vs CHA,HOME,W, CHA
TOR ,TOR .vs CHA,HOME,L, CHA
TOR ,TOR .vs MIN,HOME,W, MIN
TOR ,TOR .vs SFN,HOME,W, SFN
TOR ,TOR .vs ATL,HOME,W, ATL
TOR ,TOR .vs ATL,HOME,L, ATL
TOR ,TOR .vs COL,HOME,W, COL
TOR ,TOR .vs MIN,HOME,L, MIN
TOR ,TOR .vs LAN,HOME,L, LAN
TOR ,TOR .vs HOU,HOME,W, HOU
TOR ,TOR .vs HOU,HOME,L, HOU
TOR ,TOR .vs SLN,HOME,W, SLN
TOR ,TOR .vs SLN,HOME,L, SLN
TOR ,TOR .vs MIL,HOME,W, MIL
TOR ,TOR .vs CHN,HOME,W, CHN
TOR ,TOR .vs MIA,HOME,W, MIA
TOR ,TOR .vs PHI,HOME,L, PHI
TOR ,TOR .vs LAN,HOME,W, LAN
TOR ,TOR .vs ARI,HOME,L, ARI
TOR ,TOR .vs ARI,HOME,W, ARI
TOR ,TOR .vs SDN,HOME,W, SDN
TOR ,TOR .vs SDN,HOME,L, SDN
TOR ,TOR .vs MIL,HOME,L, MIL
TOR ,TOR .vs CIN,HOME,W, CIN
TOR ,TOR .vs PIT,HOME,L, PIT
TOR ,TOR .vs PIT,HOME,W, PIT
WAS,WAS @ CHN,AWAY,W, CHN
WAS,WAS @ CHN,AWAY,L, CHN
WAS,WAS @ NYN,AWAY,L, NYN
WAS,WAS @ NYN,AWAY,W, NYN
WAS,WAS @ SDN,AWAY,W, SDN
WAS,WAS @ SDN,AWAY,L, SDN
WAS,WAS @ LAN,AWAY,L, LAN
WAS,WAS @ PIT,AWAY,L, PIT
WAS,WAS @ PIT,AWAY,W, PIT
WAS,WAS @ CIN,AWAY,W, CIN
WAS,WAS @ CIN,AWAY,L, CIN
WAS,WAS @ PHI,AWAY,W, PHI
WAS,WAS @ PHI,AWAY,L, PHI
WAS,WAS @ ATL,AWAY,W, ATL
WAS,WAS @ MIA,AWAY,L, MIA
WAS,WAS @ BOS,AWAY,W, BOS
WAS,WAS @ TOR,AWAY,W, TOR
WAS,WAS @ BAL,AWAY,L, BAL
WAS,WAS @ BAL,AWAY,W, BAL
WAS,WAS @ COL,AWAY,L, COL
WAS,WAS @ COL,AWAY,W, COL
WAS,WAS @ ATL,AWAY,L, ATL
WAS,WAS @ MIA,AWAY,W, MIA
WAS,WAS @ MIL,AWAY,W, MIL
WAS,WAS @ MIL,AWAY,L, MIL
WAS,WAS @ HOU,AWAY,W, HOU
WAS,WAS @ ARI,AWAY,W, ARI
WAS,WAS @ ARI,AWAY,L, ARI
WAS,WAS @ SFN,AWAY,W, SFN
WAS,WAS @ SFN,AWAY,L, SFN
WAS,WAS @ SLN,AWAY,L, SLN
WAS,WAS @ SLN,AWAY,W, SLN
WAS,WAS @ LAN,AWAY,W, LAN
WAS,WAS @ CLE,AWAY,L, CLE
WAS,WAS @ CLE,AWAY,W, CLE
WAS,WAS @ DET,AWAY,L, DET
WAS,WAS @ KCA,AWAY,W, KCA
WAS,WAS @ KCA,AWAY,L, KCA
WAS,WAS @ OAK,AWAY,L, OAK
WAS,WAS @ SEA,AWAY,W, SEA
WAS,WAS @ SEA,AWAY,L, SEA
WAS,WAS @ BOS,AWAY,L, BOS
WAS,WAS @ NYA,AWAY,L, NYA
WAS,WAS @ NYA,AWAY,W, NYA
WAS,WAS @ TBA,AWAY,L, TBA
WAS,WAS @ TBA,AWAY,W, TBA
WAS,WAS @ CHA,AWAY,W, CHA
WAS,WAS @ CHA,AWAY,L, CHA
WAS,WAS @ OAK,AWAY,W, OAK
WAS,WAS @ ANA,AWAY,W, ANA
WAS,WAS @ ANA,AWAY,L, ANA
WAS,WAS @ HOU,AWAY,L, HOU
WAS ,WAS .vs CIN,HOME,W, CIN
WAS ,WAS .vs CIN,HOME,L, CIN
WAS ,WAS .vs HOU,HOME,W, HOU
WAS ,WAS .vs HOU,HOME,L, HOU
WAS ,WAS .vs MIA,HOME,W, MIA
WAS ,WAS .vs ARI,HOME,L, ARI
WAS ,WAS .vs ARI,HOME,W, ARI
WAS ,WAS .vs PHI,HOME,W, PHI
WAS ,WAS .vs PHI,HOME,L, PHI
WAS ,WAS .vs SDN,HOME,W, SDN
WAS ,WAS .vs SDN,HOME,L, SDN
WAS ,WAS .vs PIT,HOME,W, PIT
WAS ,WAS .vs PIT,HOME,L, PIT
WAS ,WAS .vs BAL,HOME,L, BAL
WAS ,WAS .vs BAL,HOME,W, BAL
WAS ,WAS .vs ATL,HOME,W, ATL
WAS ,WAS .vs ATL,HOME,L, ATL
WAS ,WAS .vs NYN,HOME,W, NYN
WAS ,WAS .vs NYN,HOME,L, NYN
WAS ,WAS .vs NYA,HOME,L, NYA
WAS ,WAS .vs TBA,HOME,L, TBA
WAS ,WAS .vs TBA,HOME,W, TBA
WAS ,WAS .vs SFN,HOME,W, SFN
WAS ,WAS .vs COL,HOME,L, COL
WAS ,WAS .vs COL,HOME,W, COL
WAS ,WAS .vs MIA,HOME,L, MIA
WAS ,WAS .vs SLN,HOME,W, SLN
WAS ,WAS .vs SLN,HOME,L, SLN
WAS ,WAS .vs CHN,HOME,W, CHN
WAS ,WAS .vs LAN,HOME,W, LAN
WAS ,WAS .vs LAN,HOME,L, LAN
WAS ,WAS .vs MIL,HOME,L, MIL
WAS ,WAS .vs MIL,HOME,W, MIL
WAS ,WAS .vs CHA,HOME,W, CHA
WAS ,WAS .vs DET,HOME,W, DET
WAS ,WAS .vs CHN,HOME,L, CHN
WAS ,WAS .vs MIN,HOME,L, MIN
WAS ,WAS .vs MIN,HOME,W, MIN
WAS ,WAS .vs SFN,HOME,L, SFN
WAS ,WAS .vs ANA,HOME,L, ANA
WAS ,WAS .vs ANA,HOME,W, ANA
WAS ,WAS .vs TEX,HOME,W, TEX
WAS ,WAS .vs TEX,HOME,L, TEX
WAS ,WAS .vs NYA,HOME,W, NYA
WAS ,WAS .vs TOR,HOME,W, TOR
WAS ,WAS .vs TOR,HOME,L, TOR
WAS ,WAS .vs DET,HOME,L, DET
WAS ,WAS .vs CLE,HOME,L, CLE
WAS ,WAS .vs CLE,HOME,W, CLE
WAS ,WAS .vs SEA,HOME,W, SEA
WAS ,WAS .vs SEA,HOME,L, SEA
